institution	period	euro	doi	is_hybrid
bth	2017	2200	10.1007/s10664-016-9497-6	TRUE
bth	2017	2200	10.1007/s11219-017-9360-z	TRUE
bth	2017	2200	10.1007/s11219-017-9373-7	TRUE
bth	2017	2200	10.1007/s11071-017-3560-8	TRUE
bth	2017	2200	10.1007/s10586-017-0912-6	TRUE
bth	2017	2200	10.1007/s10468-017-9696-x	TRUE
bth	2017	2200	10.1007/s11071-017-3785-6	TRUE
bth	2017	2200	10.1007/s12369-017-0437-4	TRUE
bth	2017	2200	10.1007/s11187-017-9948-5	TRUE
cth	2017	2200	10.1007/s00170-016-9894-4	TRUE
cth	2017	2200	10.1007/s11075-016-0250-4	TRUE
cth	2017	2200	10.1007/s11085-016-9697-x	TRUE
cth	2017	2200	10.1007/s10967-017-5172-7	TRUE
cth	2017	2200	10.1007/s11085-016-9703-3	TRUE
cth	2017	2200	10.1007/s11085-016-9695-z	TRUE
cth	2017	2200	10.1007/s11666-017-0532-y	TRUE
cth	2017	2200	10.1007/s11590-017-1108-y	TRUE
cth	2017	2200	10.1007/s10494-017-9801-6	TRUE
cth	2017	2200	10.1007/s11581-017-2016-y	TRUE
cth	2017	2200	10.1007/s11085-017-9731-7	TRUE
cth	2017	2200	10.1007/s11367-017-1277-z	TRUE
cth	2017	2200	10.1007/s00253-017-8126-7	TRUE
cth	2017	2200	10.1007/s10295-017-1911-6	TRUE
cth	2017	2200	10.1007/s40831-017-0117-5	TRUE
cth	2017	2200	10.1007/s10921-017-0397-5	TRUE
cth	2017	2200	10.1007/s10008-017-3518-2	TRUE
cth	2017	2200	10.1007/s00066-017-1106-0	TRUE
cth	2017	2200	10.1007/s00170-017-0214-4	TRUE
cth	2017	2200	10.1007/s00226-017-0896-7	TRUE
cth	2017	2200	10.1007/s10959-017-0743-7	TRUE
cth	2017	2200	10.1007/s11085-017-9763-z	TRUE
cth	2017	2200	10.1007/s11085-017-9765-x	TRUE
cth	2017	2200	10.1007/s12678-017-0368-8	TRUE
cth	2017	2200	10.1140/epjst/e2016-60362-9	TRUE
cth	2017	2200	10.1007/s10570-017-1283-0	TRUE
cth	2017	2200	10.1007/s40831-017-0122-8	TRUE
cth	2017	2200	10.1007/s00773-017-0451-0	TRUE
cth	2017	2200	10.1007/s11440-017-0553-1	TRUE
cth	2017	2200	10.1007/s00170-017-0259-4	TRUE
cth	2017	2200	10.1007/s11222-017-9748-4	TRUE
cth	2017	2200	10.1007/s11367-017-1309-8	TRUE
cth	2017	2200	10.1007/s10570-017-1288-8	TRUE
cth	2017	2200	10.1007/s11664-017-5484-y	TRUE
cth	2017	2200	10.1007/s10703-017-0274-y	TRUE
cth	2017	2200	10.1007/s11367-017-1308-9	TRUE
cth	2017	2200	10.1007/s00253-017-8266-9	TRUE
cth	2017	2200	10.1007/s11085-017-9782-9	TRUE
cth	2017	2200	10.1007/s00253-017-8310-9	TRUE
cth	2017	2200	10.1007/s00466-017-1419-y	TRUE
cth	2017	2200	10.1007/s00220-017-2926-6	TRUE
cth	2017	2200	10.1007/s00285-017-1154-1	TRUE
cth	2017	2200	10.1007/s00466-017-1426-z	TRUE
cth	2017	2200	10.1007/s00601-017-1307-1	TRUE
cth	2017	2200	10.1007/s10529-017-2371-9	TRUE
cth	2017	2200	10.1007/s10543-017-0666-9	TRUE
cth	2017	2200	10.1007/s10562-017-2083-8	TRUE
cth	2017	2200	10.1007/s10687-017-0294-4	TRUE
cth	2017	2200	10.1007/s10705-017-9861-y	TRUE
cth	2017	2200	10.1007/s10955-017-1833-8	TRUE
cth	2017	2200	10.1007/s11356-017-9508-1	TRUE
cth	2017	2200	10.1007/s11367-017-1330-y	TRUE
cth	2017	2200	10.1007/s12220-017-9873-5	TRUE
cth	2017	2200	10.1140/epjd/e2017-80102-2	TRUE
cth	2017	2200	10.1007/s12220-017-9888-y	TRUE
cth	2017	2200	10.1007/s10562-017-2133-2	TRUE
cth	2017	2200	10.1007/s00211-017-0905-7	TRUE
cth	2017	2200	10.1007/s11367-017-1362-3	TRUE
cth	2017	2200	10.1007/s11075-017-0352-7	TRUE
cth	2017	2200	10.1007/s00226-017-0938-1	TRUE
cth	2017	2200	10.1007/s00466-017-1460-x	TRUE
cth	2017	2200	10.1007/s10494-017-9833-y	TRUE
cth	2017	2200	10.1007/s40194-017-0508-z	TRUE
cth	2017	2200	10.1007/s00224-017-9807-4	TRUE
cth	2017	2200	10.1007/s00424-017-2069-9	TRUE
cth	2017	2200	10.1007/s00165-017-0435-1	TRUE
cth	2017	2200	10.1007/s10543-017-0684-7	TRUE
cth	2017	2200	10.1007/s12008-017-0429-5	TRUE
cth	2017	2200	10.1007/s00365-017-9393-3	TRUE
cth	2017	2200	10.1140/epjd/e2017-80228-1	TRUE
cth	2017	2200	10.1007/s10534-017-0058-2	TRUE
cth	2017	2200	10.1007/s12220-017-9942-9	TRUE
cth	2017	2200	10.1007/s11661-017-4383-4	TRUE
cth	2017	2200	10.1007/s10953-017-0679-7	TRUE
cth	2017	2200	10.1007/s11116-017-9828-5	TRUE
cth	2017	2200	10.1007/s11625-017-0500-y	TRUE
cth	2017	2200	10.1007/s00190-017-1072-4	TRUE
cth	2017	2200	10.1007/s00209-017-1975-z	TRUE
cth	2017	2200	10.1007/s10570-017-1582-5	TRUE
cth	2017	2200	10.1007/s11242-017-0975-0	TRUE
cth	2017	2200	10.1007/s10111-017-0448-9	TRUE
cth	2017	2200	10.1007/s10479-017-2721-y	TRUE
cth	2017	2200	10.1007/s10687-017-0305-5	TRUE
cth	2017	2200	10.1007/s00216-017-0829-1	TRUE
du	2017	2200	10.1007/s00421-017-3621-1	TRUE
du	2017	2200	10.1007/s13595-017-0655-9	TRUE
du	2017	2200	10.1007/s11266-017-9919-0	TRUE
foi	2017	2200	10.1007/s00193-017-0709-9	TRUE
foi	2017	2200	10.1007/s11069-017-2933-0	TRUE
foi	2017	2200	10.1007/s10494-017-9823-0	TRUE
foi	2017	2200	10.1007/s10111-017-0428-0	TRUE
gu	2017	2200	10.1007/s00192-017-3268-9	TRUE
gu	2017	2200	10.1007/s10545-016-0011-5	TRUE
gu	2017	2200	10.1007/s00264-016-3381-2	TRUE
gu	2017	2200	10.1007/s13127-016-0317-z	TRUE
gu	2017	2200	10.1007/s00701-017-3077-4	TRUE
gu	2017	2200	10.1007/s10502-016-9273-9	TRUE
gu	2017	2200	10.1007/s00384-016-2744-x	TRUE
gu	2017	2200	10.1007/s00228-016-2188-9	TRUE
gu	2017	2200	10.1007/s00125-017-4211-9	TRUE
gu	2017	2200	10.1007/s10849-017-9246-2	TRUE
gu	2017	2200	10.1007/s11017-017-9398-8	TRUE
gu	2017	2200	10.1007/s10897-017-0078-7	TRUE
gu	2017	2200	10.1007/s00464-017-5441-0	TRUE
gu	2017	2200	10.1007/s00702-017-1685-z	TRUE
gu	2017	2200	10.1007/s10640-017-0117-8	TRUE
gu	2017	2200	10.1007/s00113-017-0331-4	TRUE
gu	2017	2200	10.1007/s00068-017-0778-6	TRUE
gu	2017	2200	10.1007/s00167-017-4442-9	TRUE
gu	2017	2200	10.1007/s00167-017-4517-7	TRUE
gu	2017	2200	10.1007/s00167-017-4521-y	TRUE
gu	2017	2200	10.1007/s00198-017-3981-8	TRUE
gu	2017	2200	10.1007/s00268-017-3987-6	TRUE
gu	2017	2200	10.1007/s00405-017-4526-7	TRUE
gu	2017	2200	10.1007/s00420-017-1216-0	TRUE
gu	2017	2200	10.1007/s00436-017-5413-2	TRUE
gu	2017	2200	10.1007/s00442-017-3829-0	TRUE
gu	2017	2200	10.1007/s10212-017-0331-3	TRUE
gu	2017	2200	10.1007/s10543-017-0653-1	TRUE
gu	2017	2200	10.1007/s10664-017-9508-2	TRUE
gu	2017	2200	10.1007/s10763-017-9811-9	TRUE
gu	2017	2200	10.1007/s10856-017-5872-0	TRUE
gu	2017	2200	10.1007/s11572-017-9415-z	TRUE
gu	2017	2200	10.1007/s00484-017-1332-2	TRUE
gu	2017	2200	10.1007/s10453-017-9478-2	TRUE
gu	2017	2200	10.1007/s11412-017-9252-z	TRUE
gu	2017	2200	10.1007/s10761-017-0408-3	TRUE
gu	2017	2200	10.1007/s00586-017-5075-x	TRUE
gu	2017	2200	10.1007/s00167-017-4545-3	TRUE
gu	2017	2200	10.1007/s11858-017-0858-4	TRUE
gu	2017	2200	10.1007/s11051-017-3807-9	TRUE
gu	2017	2200	10.1007/s11894-017-0554-0	TRUE
gu	2017	2200	10.1007/s10433-017-0424-5	TRUE
gu	2017	2200	10.1007/s00520-017-3676-x	TRUE
gu	2017	2200	10.1007/s11901-017-0345-y	TRUE
gu	2017	2200	10.1007/s00216-017-0336-4	TRUE
gu	2017	2200	10.1007/s10761-017-0426-1	TRUE
gu	2017	2200	10.1007/s11102-017-0811-0	TRUE
gu	2017	2200	10.1007/s10096-017-2990-z	TRUE
gu	2017	2200	10.1007/s00223-017-0283-2	TRUE
gu	2017	2200	10.1007/s10838-017-9364-1	TRUE
gu	2017	2200	10.1007/s00167-017-4592-9	TRUE
gu	2017	2200	10.1007/s00420-017-1234-y	TRUE
gu	2017	2200	10.1007/s00455-017-9814-2	TRUE
gu	2017	2200	10.1007/s00702-017-1746-3	TRUE
gu	2017	2200	10.1007/s10040-017-1616-y	TRUE
gu	2017	2200	10.1007/s10639-017-9615-0	TRUE
gu	2017	2200	10.1007/s10640-017-0166-z	TRUE
gu	2017	2200	10.1007/s10800-017-1100-3	TRUE
gu	2017	2200	10.1007/s11136-017-1636-z	TRUE
gu	2017	2200	10.1007/s12526-017-0749-5	TRUE
gu	2017	2200	10.1007/s13158-017-0192-6	TRUE
gu	2017	2200	10.1007/s13158-017-0193-5	TRUE
gu	2017	2200	10.1007/s41111-017-0068-9	TRUE
gu	2017	2200	10.1007/s00198-017-4099-8	TRUE
gu	2017	2200	10.1007/s40609-017-0089-1	TRUE
gu	2017	2200	10.1007/s00467-017-3705-5	TRUE
gu	2017	2200	10.1007/s12116-017-9251-0	TRUE
gu	2017	2200	10.1007/s00262-017-2040-9	TRUE
gu	2017	2200	10.1007/s10639-017-9631-0	TRUE
gu	2017	2200	10.1007/s10611-017-9695-1	TRUE
gu	2017	2200	10.1007/s10578-017-0746-8	TRUE
gu	2017	2200	10.1007/s00221-017-5058-5	TRUE
gu	2017	2200	10.1007/s00586-017-5264-7	TRUE
gu	2017	2200	10.1007/s00392-017-1146-6	TRUE
gu	2017	2200	10.1007/s00382-017-3861-0	TRUE
gu	2017	2200	10.1007/s13280-017-0938-2	TRUE
gu	2017	2200	10.1007/s11569-017-0297-2	TRUE
gu	2017	2200	10.1007/s00396-017-4172-z	TRUE
gu	2017	2200	10.1007/s00464-017-5808-2	TRUE
gu	2017	2200	10.1007/s12152-017-9341-8	TRUE
gu	2017	2200	10.1007/s13158-017-0197-1	TRUE
gu	2017	2200	10.1007/s11695-017-2833-0	TRUE
gu	2017	2200	10.1007/s12108-017-9363-z	TRUE
gu	2017	2200	10.1007/s11999-017-5507-2	TRUE
gu	2017	2200	10.1007/s13158-017-0202-8	TRUE
gu	2017	2200	10.1007/s10858-017-0127-4	TRUE
gu	2017	2200	10.1007/s10096-017-3101-x	TRUE
gu	2017	2200	10.1007/s00192-017-3481-6	TRUE
gu	2017	2200	10.1007/s00192-017-3446-9	TRUE
gu	2017	2200	10.1007/s11075-017-0416-8	TRUE
gu	2017	2200	10.1007/s10728-017-0347-5	TRUE
gu	2017	2200	10.1007/s11153-017-9643-0	TRUE
gu	2017	2200	10.1007/s00384-017-2900-y	TRUE
gu	2017	2200	10.1007/s00766-017-0280-z	TRUE
gu	2017	2200	10.1007/s10822-017-0059-9	TRUE
gu	2017	2200	10.1007/s00294-017-0748-x	TRUE
gu	2017	2200	10.1007/s11213-017-9428-5	TRUE
gu	2017	2200	10.1007/s12035-017-0759-0	TRUE
gu	2017	2200	10.1007/s10554-017-1239-3	TRUE
gu	2017	2200	10.1007/s00422-017-0730-1	TRUE
gu	2017	2200	10.1007/s00167-017-4725-1	TRUE
gu	2017	2200	10.1007/s10037-017-0117-8	TRUE
gu	2017	2200	10.1007/s00153-017-0582-3	TRUE
gu	2017	2200	10.1007/s00455-017-9847-6	TRUE
gu	2017	2200	10.1007/s11158-017-9375-0	TRUE
gu	2017	2200	10.1007/s00153-017-0592-1	TRUE
gu	2017	2200	10.1007/s10533-017-0391-0	TRUE
gu	2017	2200	10.1007/s00586-017-5331-0	TRUE
gu	2017	2200	10.1007/s11217-017-9584-1	TRUE
gu	2017	2200	10.1007/s00167-017-4747-8	TRUE
gu	2017	2200	10.1007/s11356-017-0528-7	TRUE
gu	2017	2200	10.1007/s00223-017-0336-6	TRUE
gu	2017	2200	10.1007/s11165-017-9668-5	TRUE
gu	2017	2200	10.1007/s00394-017-1556-2	TRUE
gu	2017	2200	10.1007/s00280-017-3434-2	TRUE
gu	2017	2200	10.1007/s13280-017-0950-6	TRUE
gu	2017	2200	10.1007/s10111-017-0446-y	TRUE
gu	2017	2200	10.1007/s10798-017-9432-1	TRUE
gu	2017	2200	10.1007/s40496-017-0156-9	TRUE
gu	2017	2200	10.1007/s00167-017-4785-2	TRUE
gu	2017	2200	10.1007/s00415-017-8680-z	TRUE
gu	2017	2200	10.1007/s00701-017-3394-7	TRUE
gu	2017	2200	10.1007/s00415-017-8665-y	TRUE
gu	2017	2200	10.1007/s00228-017-2360-x	TRUE
gu	2017	2200	10.1007/s10096-017-3139-9	TRUE
gu	2017	2200	10.1007/s10677-017-9845-7	TRUE
gu	2017	2200	10.1007/s00167-017-4793-2	TRUE
gu	2017	2200	10.1007/s00198-017-4296-5	TRUE
gu	2017	2200	10.1007/s12678-017-0435-1	TRUE
gu	2017	2200	10.1007/s11266-017-9917-2	TRUE
gu	2017	2200	10.1007/s00268-017-4324-9	TRUE
gu	2017	2200	10.1007/s00421-017-3751-5	TRUE
gu	2017	2200	10.1007/s00167-017-4811-4	TRUE
gu	2017	2200	10.1007/s13280-017-0933-7	TRUE
gu	2017	2200	10.1007/s13127-017-0331-9	TRUE
gu	2017	2200	10.1007/s10611-017-9748-5	TRUE
gu	2017	2200	10.1007/s11256-017-0437-6	TRUE
gu	2017	2200	10.1007/s00238-017-1378-8	TRUE
gu	2017	2200	10.1007/s00415-017-8719-1	TRUE
gu	2017	2200	10.1007/s11695-017-3061-3	TRUE
gu	2017	2200	10.1007/s10611-017-9747-6	TRUE
gu	2017	2200	10.1007/s11060-017-2699-y	TRUE
gu	2017	2200	10.1007/s10887-017-9152-0	TRUE
gu	2017	2200	10.1007/s00167-017-4733-1	TRUE
hb	2017	2200	10.1007/s10924-017-0965-x	TRUE
hb	2017	2200	10.1007/s12129-017-9628-6	TRUE
hb	2017	2200	10.1007/s11024-017-9329-x	TRUE
hb	2017	2200	10.1007/s12010-017-2525-1	TRUE
hb	2017	2200	10.1007/s00226-017-0944-3	TRUE
hb	2017	2200	10.1007/s11664-017-6015-6	TRUE
hh	2017	2200	10.1007/s12369-017-0411-1	TRUE
hh	2017	2200	10.1007/s10843-017-0201-8	TRUE
hh	2017	2200	10.1007/s12671-017-0711-4	TRUE
hh	2017	2200	10.1007/s10618-017-0538-6	TRUE
hh	2017	2200	10.1007/s00779-017-1072-7	TRUE
hh	2017	2200	10.1007/s11265-017-1300-4	TRUE
hhs	2017	2200	10.1007/s00780-017-0327-5	TRUE
hhs	2017	2200	10.1007/s40926-017-0065-y	TRUE
hhs	2017	2200	10.1007/s11166-017-9261-3	TRUE
hhs	2017	2200	10.1007/s10018-017-0194-5	TRUE
hhs	2017	2200	10.1007/s40505-017-0127-2	TRUE
hig	2017	2200	10.1007/s10943-017-0383-3	TRUE
hig	2017	2200	10.1007/s10488-017-0806-1	TRUE
his	2017	2200	10.1007/s12652-017-0457-9	TRUE
his	2017	2200	10.1007/s12528-017-9146-0	TRUE
his	2017	2200	10.1007/s12369-017-0446-3	TRUE
hj	2017	2200	10.1007/s10519-017-9851-5	TRUE
hj	2017	2200	10.1007/s00466-017-1431-2	TRUE
hj	2017	2200	10.1007/s10614-017-9725-1	TRUE
hj	2017	2200	10.1007/s10973-017-6611-y	TRUE
hj	2017	2200	10.1007/s10973-017-6612-x	TRUE
hj	2017	2200	10.1007/s11663-017-1061-2	TRUE
hj	2017	2200	10.1007/s11661-017-4315-3	TRUE
hj	2017	2200	10.1007/s40962-017-0179-y	TRUE
hj	2017	2200	10.1007/s40962-017-0178-z	TRUE
hj	2017	2200	10.1007/s40962-017-0186-z	TRUE
hk	2017	2200	10.1007/s10344-017-1086-5	TRUE
hk	2017	2200	10.1007/s12553-016-0176-9	TRUE
hk	2017	2200	10.1007/s00187-016-0244-3	TRUE
hk	2017	2200	10.1007/s11126-017-9509-8	TRUE
hk	2017	2200	10.1007/s13280-017-0920-z	TRUE
hk	2017	2200	10.1007/s10663-017-9375-5	TRUE
hk	2017	2200	10.1007/s11135-017-0525-4	TRUE
hk	2017	2200	10.1007/s11165-016-9596-9	TRUE
hk	2017	2200	10.1007/s10368-017-0390-6	TRUE
hk	2017	2200	10.1007/s11165-017-9628-0	TRUE
hk	2017	2200	10.1007/s11191-017-9920-4	TRUE
hk	2017	2200	10.1007/s10344-017-1156-8	TRUE
hv	2017	2200	10.1007/s40194-017-0448-7	TRUE
hv	2017	2200	10.1007/s00024-017-1538-6	TRUE
hv	2017	2200	10.1007/s40194-017-0470-9	TRUE
hv	2017	2200	10.1007/s40839-017-0036-6	TRUE
hv	2017	2200	10.1007/s11666-017-0555-4	TRUE
hv	2017	2200	10.1007/s10732-017-9351-z	TRUE
hv	2017	2200	10.1007/s11666-017-0595-9	TRUE
hv	2017	2200	10.1007/s00170-017-1019-1	TRUE
hv	2017	2200	10.1007/s11661-017-4232-5	TRUE
hv	2017	2200	10.1007/s00158-017-1798-x	TRUE
hv	2017	2200	10.1007/s40194-017-0513-2	TRUE
hv	2017	2200	10.1007/s00170-017-1349-z	TRUE
hv	2017	2200	10.1007/s00170-017-1342-6	TRUE
hv	2017	2200	10.1007/s11666-017-0672-0	TRUE
kau	2017	2200	10.1007/s12144-016-9551-y	TRUE
kau	2017	2200	10.1007/s00607-017-0552-y	TRUE
kau	2017	2200	10.1007/s10337-017-3298-y	TRUE
kau	2017	2200	10.1007/s13163-017-0230-9	TRUE
kau	2017	2200	10.1007/s10639-017-9602-5	TRUE
kau	2017	2200	10.1007/s10668-017-9948-2	TRUE
kau	2017	2200	10.1007/s10750-017-3246-8	TRUE
kau	2017	2200	10.1007/s11116-017-9781-3	TRUE
kau	2017	2200	10.1007/s10389-017-0809-0	TRUE
kau	2017	2200	10.1007/s00187-017-0248-7	TRUE
kau	2017	2200	10.1007/s10750-017-3217-0	TRUE
kau	2017	2200	10.1007/s11249-017-0876-y	TRUE
kau	2017	2200	10.1007/s11998-017-9937-2	TRUE
kau	2017	2200	10.1007/s12053-017-9541-4	TRUE
kau	2017	2200	10.1007/s10198-017-0929-z	TRUE
kau	2017	2200	10.1007/s11294-017-9655-7	TRUE
kau	2017	2200	10.1007/s11191-017-9950-y	TRUE
ki	2017	2200	10.1007/s10461-016-1662-9	TRUE
ki	2017	2200	10.1007/s10067-016-3525-1	TRUE
ki	2017	2200	10.1007/s10654-016-0220-0	TRUE
ki	2017	2200	10.1007/s00296-016-3641-x	TRUE
ki	2017	2200	10.1007/s10910-016-0728-2	TRUE
ki	2017	2200	10.1208/s12248-016-0027-7	TRUE
ki	2017	2200	10.1007/s11136-016-1479-z	TRUE
ki	2017	2200	10.1007/s00431-016-2843-2	TRUE
ki	2017	2200	10.1007/s00394-016-1356-0	TRUE
ki	2017	2200	10.1007/s41465-017-0011-x	TRUE
ki	2017	2200	10.1007/s12026-017-8905-3	TRUE
ki	2017	2200	10.1007/s00464-016-5407-7	TRUE
ki	2017	2200	10.1007/s00420-017-1200-8	TRUE
ki	2017	2200	10.1007/s40336-017-0223-1	TRUE
ki	2017	2200	10.1007/s11897-017-0325-0	TRUE
ki	2017	2200	10.1007/s10549-017-4164-1	TRUE
ki	2017	2200	10.1007/s00520-017-3625-8	TRUE
ki	2017	2200	10.1007/s10549-017-4163-2	TRUE
ki	2017	2200	10.1007/s11695-017-2603-z	TRUE
ki	2017	2200	10.1007/s11695-017-2576-y	TRUE
ki	2017	2200	10.1007/s12529-016-9629-9	TRUE
ki	2017	2200	10.1007/s11999-017-5250-8	TRUE
ki	2017	2200	10.1007/s11940-017-0439-4	TRUE
ki	2017	2200	10.1007/s00134-017-4773-5	TRUE
ki	2017	2200	10.1007/s00216-017-0284-z	TRUE
ki	2017	2200	10.1007/s00228-017-2236-0	TRUE
ki	2017	2200	10.1007/s00268-017-3961-3	TRUE
ki	2017	2200	10.1007/s00424-017-1967-1	TRUE
ki	2017	2200	10.1007/s00787-017-0983-1	TRUE
ki	2017	2200	10.1007/s10910-017-0743-y	TRUE
ki	2017	2200	10.1007/s11605-017-3389-y	TRUE
ki	2017	2200	10.1007/s00213-017-4609-6	TRUE
ki	2017	2200	10.1007/s10096-017-2950-7	TRUE
ki	2017	2200	10.1007/s11901-017-0343-0	TRUE
ki	2017	2200	10.1007/s00701-017-3164-6	TRUE
ki	2017	2200	10.1007/s00401-017-1708-8	TRUE
ki	2017	2200	10.1007/s40596-017-0706-4	TRUE
ki	2017	2200	10.1007/s10140-017-1496-4	TRUE
ki	2017	2200	10.1007/s00125-017-4279-2	TRUE
ki	2017	2200	10.1007/s10654-017-0264-9	TRUE
ki	2017	2200	10.1007/s11882-017-0709-y	TRUE
ki	2017	2200	10.1007/s10654-017-0261-z	TRUE
ki	2017	2200	10.1007/s40266-017-0469-3	TRUE
ki	2017	2200	10.1007/s13752-017-0265-7	TRUE
ki	2017	2200	10.1007/s00383-017-4093-4	TRUE
ki	2017	2200	10.1007/s00431-017-2917-9	TRUE
ki	2017	2200	10.1007/s10877-017-0021-3	TRUE
ki	2017	2200	10.1007/s10198-017-0894-6	TRUE
ki	2017	2200	10.1007/s10439-017-1847-z	TRUE
ki	2017	2200	10.1007/s40136-017-0151-7	TRUE
ki	2017	2200	10.1007/s00221-017-4948-x	TRUE
ki	2017	2200	10.1007/s11745-017-4256-z	TRUE
ki	2017	2200	10.1007/s12551-017-0265-7	TRUE
ki	2017	2200	10.1007/s00441-017-2626-8	TRUE
ki	2017	2200	10.1007/s00127-017-1409-6	TRUE
ki	2017	2200	10.1007/s00167-017-4606-7	TRUE
ki	2017	2200	10.1007/s00262-017-2029-4	TRUE
ki	2017	2200	10.1007/s00268-017-4029-0	TRUE
ki	2017	2200	10.1007/s10654-017-0250-2	TRUE
ki	2017	2200	10.1007/s10654-017-0268-5	TRUE
ki	2017	2200	10.1007/s10877-017-0032-0	TRUE
ki	2017	2200	10.1007/s12529-017-9669-9	TRUE
ki	2017	2200	10.1007/s40265-017-0777-2	TRUE
ki	2017	2200	10.1007/s13402-017-0340-x	TRUE
ki	2017	2200	10.1007/s00167-017-4621-8	TRUE
ki	2017	2200	10.1007/s00251-017-1011-9	TRUE
ki	2017	2200	10.1007/s12640-017-9786-x	TRUE
ki	2017	2200	10.1007/s00586-017-5218-0	TRUE
ki	2017	2200	10.3758/s13415-017-0519-7	TRUE
ki	2017	2200	10.1007/s00277-017-3061-3	TRUE
ki	2017	2200	10.1007/s00520-017-3793-6	TRUE
ki	2017	2200	10.1007/s00701-017-3266-1	TRUE
ki	2017	2200	10.1007/s40263-017-0445-9	TRUE
ki	2017	2200	10.1007/s10654-017-0283-6	TRUE
ki	2017	2200	10.1007/s10910-017-0769-1	TRUE
ki	2017	2200	10.1007/s00198-017-4150-9	TRUE
ki	2017	2200	10.1007/s10899-017-9704-4	TRUE
ki	2017	2200	10.1007/s00467-017-3781-6	TRUE
ki	2017	2200	10.1007/s00394-017-1526-8	TRUE
ki	2017	2200	10.1007/s00540-017-2403-6	TRUE
ki	2017	2200	10.1007/s00586-017-5248-7	TRUE
ki	2017	2200	10.1007/s12195-017-0504-9	TRUE
ki	2017	2200	10.1007/s12017-017-8461-y	TRUE
ki	2017	2200	10.1007/s10654-017-0297-0	TRUE
ki	2017	2200	10.1007/s00467-017-3766-5	TRUE
ki	2017	2200	10.1007/s40273-017-0559-4	TRUE
ki	2017	2200	10.1007/s00415-017-8571-3	TRUE
ki	2017	2200	10.1007/s10549-017-4466-3	TRUE
ki	2017	2200	10.1007/s10120-017-0761-2	TRUE
ki	2017	2200	10.1007/s11302-017-9586-z	TRUE
ki	2017	2200	10.1007/s00125-017-4428-7	TRUE
ki	2017	2200	10.1007/s10654-017-0312-5	TRUE
ki	2017	2200	10.1007/s00383-017-4150-z	TRUE
ki	2017	2200	10.1007/s00405-017-4728-z	TRUE
ki	2017	2200	10.1007/s00268-017-4244-8	TRUE
ki	2017	2200	10.1007/s10910-017-0807-z	TRUE
ki	2017	2200	10.1007/s10286-017-0465-z	TRUE
ki	2017	2200	10.1007/s11307-017-1120-8	TRUE
ki	2017	2200	10.1007/s00701-017-3330-x	TRUE
ki	2017	2200	10.1007/s40265-017-0791-4	TRUE
ki	2017	2200	10.1007/s00228-017-2354-8	TRUE
ki	2017	2200	10.1007/s10557-017-6756-8	TRUE
ki	2017	2200	10.1007/s12020-017-1461-8	TRUE
ki	2017	2200	10.1007/s40273-017-0578-1	TRUE
ki	2017	2200	10.1007/s00586-017-5346-6	TRUE
ki	2017	2200	10.1007/s13304-017-0492-2	TRUE
ki	2017	2200	10.1007/s00277-017-3158-8	TRUE
ki	2017	2200	10.1007/s12020-017-1441-z	TRUE
ki	2017	2200	10.1007/s11695-017-2978-x	TRUE
ki	2017	2200	10.1007/s00125-017-4451-8	TRUE
ki	2017	2200	10.1007/s10654-017-0316-1	TRUE
ki	2017	2200	10.1007/s00428-017-2263-3	TRUE
ki	2017	2200	10.1007/s10549-017-4571-3	TRUE
ki	2017	2200	10.1007/s00167-017-4805-2	TRUE
ki	2017	2200	10.1007/s00228-017-2366-4	TRUE
ki	2017	2200	10.1208/s12248-017-0161-x	TRUE
ki	2017	2200	10.1007/s11144-017-1315-7	TRUE
ki	2017	2200	10.1007/s10549-017-4599-4	TRUE
ki	2017	2200	10.1007/s00268-017-4341-8	TRUE
ki	2017	2200	10.1007/s40273-017-0579-0	TRUE
ki	2017	2200	10.1007/s00125-017-4492-z	TRUE
ki	2017	2200	10.1007/s00240-017-1020-z	TRUE
ki	2017	2200	10.1007/s00167-017-4814-1	TRUE
ki	2017	2200	10.1007/s00415-017-8676-8	TRUE
ki	2017	2200	10.1007/s10549-017-4555-3	TRUE
ki	2017	2200	10.1007/s10787-017-0418-0	TRUE
ki	2017	2200	10.1007/s00420-017-1276-1	TRUE
ki	2017	2200	10.1007/s10875-017-0455-x	TRUE
ki	2017	2200	10.1007/s10096-017-3141-2	TRUE
ki	2017	2200	10.1007/s10029-017-1705-9	TRUE
ki	2017	2200	10.1007/s10910-017-0837-6	TRUE
ki	2017	2200	10.1007/s00221-017-5137-7	TRUE
ki	2017	2200	10.1007/s00268-017-4423-7	TRUE
ki	2017	2200	10.1007/s00467-017-3848-4	TRUE
ki	2017	2200	10.1007/s10578-017-0777-1	TRUE
ki	2017	2200	10.1007/s00268-017-4235-9	TRUE
ki	2017	2200	10.1007/s10877-017-0094-z	TRUE
ki	2017	2200	10.1007/s10689-017-0067-x	TRUE
ki	2017	2200	10.1007/s11019-017-9817-7	TRUE
ki	2017	2200	10.1007/s00125-017-4527-5	TRUE
kth	2017	2200	10.1007/s11187-016-9825-7	TRUE
kth	2017	2200	10.1007/s11663-017-0914-z	TRUE
kth	2017	2200	10.1007/s11242-016-0810-z	TRUE
kth	2017	2200	10.1007/s10851-016-0691-3	TRUE
kth	2017	2200	10.1007/s00248-016-0915-5	TRUE
kth	2017	2200	10.1007/s11661-016-3903-y	TRUE
kth	2017	2200	10.1007/s11661-016-3902-z	TRUE
kth	2017	2200	10.1007/s11367-016-1241-3	TRUE
kth	2017	2200	10.1007/s11663-016-0895-3	TRUE
kth	2017	2200	10.1007/s00605-017-1019-0	TRUE
kth	2017	2200	10.1007/s11663-017-0946-4	TRUE
kth	2017	2200	10.1007/s10853-017-0887-y	TRUE
kth	2017	2200	10.1007/s10237-017-0887-5	TRUE
kth	2017	2200	10.1007/s00348-017-2301-6	TRUE
kth	2017	2200	10.1007/s00894-017-3234-y	TRUE
kth	2017	2200	10.1007/s11663-017-0926-8	TRUE
kth	2017	2200	10.1007/s00048-017-0160-0	TRUE
kth	2017	2200	10.1007/s10661-017-5889-3	TRUE
kth	2017	2200	10.1007/s11406-017-9812-5	TRUE
kth	2017	2200	10.1007/s11664-017-5447-3	TRUE
kth	2017	2200	10.1007/s11998-017-9920-y	TRUE
kth	2017	2200	10.1007/s13361-017-1657-4	TRUE
kth	2017	2200	10.1007/s10544-017-0157-4	TRUE
kth	2017	2200	10.1007/s10827-017-0639-7	TRUE
kth	2017	2200	10.1007/s10734-017-0140-2	TRUE
kth	2017	2200	10.1007/s10766-017-0495-0	TRUE
kth	2017	2200	10.1007/s00421-017-3601-5	TRUE
kth	2017	2200	10.1007/s00348-017-2328-8	TRUE
kth	2017	2200	10.1007/s12095-017-0227-8	TRUE
kth	2017	2200	10.1007/s11665-017-2586-x	TRUE
kth	2017	2200	10.1007/s11192-017-2377-z	TRUE
kth	2017	2200	10.1007/s10586-017-0899-z	TRUE
kth	2017	2200	10.1007/s00161-017-0573-y	TRUE
kth	2017	2200	10.1007/s40799-017-0183-4	TRUE
kth	2017	2200	10.1007/s11277-017-4205-4	TRUE
kth	2017	2200	10.1007/s10458-017-9365-9	TRUE
kth	2017	2200	10.1007/s00161-017-0569-7	TRUE
kth	2017	2200	10.1007/s10231-017-0659-y	TRUE
kth	2017	2200	10.1007/s10910-017-0752-x	TRUE
kth	2017	2200	10.1007/s00170-017-0610-9	TRUE
kth	2017	2200	10.1007/s10237-017-0925-3	TRUE
kth	2017	2200	10.1007/s10493-017-0145-7	TRUE
kth	2017	2200	10.1007/s10570-017-1387-6	TRUE
kth	2017	2200	10.1007/s10706-017-0285-x	TRUE
kth	2017	2200	10.1007/s10798-017-9405-4	TRUE
kth	2017	2200	10.1007/s10811-017-1176-5	TRUE
kth	2017	2200	10.1007/s10961-017-9592-x	TRUE
kth	2017	2200	10.1007/s11019-017-9783-0	TRUE
kth	2017	2200	10.1007/s11040-017-9250-4	TRUE
kth	2017	2200	10.1007/s11244-017-0813-1	TRUE
kth	2017	2200	10.1007/s11422-017-9817-1	TRUE
kth	2017	2200	10.1007/s11998-017-9949-y	TRUE
kth	2017	2200	10.1007/s40194-017-0490-5	TRUE
kth	2017	2200	10.1007/s40194-017-0496-z	TRUE
kth	2017	2200	10.1007/s11665-017-2816-2	TRUE
kth	2017	2200	10.1007/s11661-017-4214-7	TRUE
kth	2017	2200	10.1007/s11024-017-9331-3	TRUE
kth	2017	2200	10.1007/s11661-017-4208-5	TRUE
kth	2017	2200	10.1007/s10543-017-0671-z	TRUE
kth	2017	2200	10.1007/s11669-017-0570-7	TRUE
kth	2017	2200	10.1007/s11661-017-4196-5	TRUE
kth	2017	2200	10.1007/s00226-017-0941-6	TRUE
kth	2017	2200	10.1007/s10040-017-1627-8	TRUE
kth	2017	2200	10.1007/s10706-017-0351-4	TRUE
kth	2017	2200	10.1007/s11663-017-1057-y	TRUE
kth	2017	2200	10.1007/s11270-017-3477-3	TRUE
kth	2017	2200	10.1007/s10798-017-9423-2	TRUE
kth	2017	2200	10.1007/s10494-017-9845-7	TRUE
kth	2017	2200	10.1007/s00205-017-1161-9	TRUE
kth	2017	2200	10.1007/s10589-017-9940-7	TRUE
kth	2017	2200	10.1007/s10494-017-9840-z	TRUE
kth	2017	2200	10.1007/s00267-017-0912-6	TRUE
kth	2017	2200	10.1007/s11098-017-0979-1	TRUE
kth	2017	2200	10.1007/s10493-017-0165-3	TRUE
kth	2017	2200	10.1007/s11661-017-4316-2	TRUE
kth	2017	2200	10.1007/s11187-017-9928-9	TRUE
kth	2017	2200	10.1007/s10922-017-9426-z	TRUE
kth	2017	2200	10.1007/s10703-017-0294-7	TRUE
kth	2017	2200	10.1007/s00605-017-1097-z	TRUE
kth	2017	2200	10.1007/s10851-017-0766-9	TRUE
kth	2017	2200	10.1007/s11229-017-1587-5	TRUE
kth	2017	2200	10.1007/s11663-017-1119-1	TRUE
kth	2017	2200	10.1007/s00253-017-8528-6	TRUE
kth	2017	2200	10.1007/s11340-017-0342-7	TRUE
kth	2017	2200	10.1007/s40831-017-0147-z	TRUE
kth	2017	2200	10.1007/s10494-017-9869-z	TRUE
kth	2017	2200	10.1007/s00773-017-0497-z	TRUE
kth	2017	2200	10.1007/s10798-017-9433-0	TRUE
kth	2017	2200	10.1007/s11075-017-0438-2	TRUE
kth	2017	2200	10.1007/s12053-017-9583-7	TRUE
kth	2017	2200	10.1007/s10494-017-9877-z	TRUE
kth	2017	2200	10.1007/s11948-017-9992-1	TRUE
kth	2017	2200	10.1007/s13349-017-0252-5	TRUE
kth	2017	2200	10.1007/s13280-017-0945-3	TRUE
kth	2017	2200	10.1007/s10596-017-9704-6	TRUE
kth	2017	2200	10.1007/s11356-017-0925-y	TRUE
kth	2017	2200	10.1007/s11663-017-1162-y	TRUE
kth	2017	2200	10.1007/s11663-017-1155-x	TRUE
kth	2017	2200	10.1007/s00249-017-1271-1	TRUE
kth	2017	2200	10.1007/s00894-017-3561-z	TRUE
kth	2017	2200	10.1007/s00766-017-0286-6	TRUE
liu	2017	2200	10.1007/s10766-017-0490-5	TRUE
liu	2017	2200	10.1007/s10957-017-1060-0	TRUE
liu	2017	2200	10.1208/s12248-016-0040-x	TRUE
liu	2017	2200	10.1007/s12186-016-9171-6	TRUE
liu	2017	2200	10.1007/s10683-017-9515-6	TRUE
liu	2017	2200	10.1007/s00586-017-4979-9	TRUE
liu	2017	2200	10.1007/s00520-017-3634-7	TRUE
liu	2017	2200	10.1007/s11897-017-0324-1	TRUE
liu	2017	2200	10.1007/s10728-017-0342-x	TRUE
liu	2017	2200	10.1007/s13158-017-0182-8	TRUE
liu	2017	2200	10.1007/s00125-017-4263-x	TRUE
liu	2017	2200	10.1007/s00209-017-1877-0	TRUE
liu	2017	2200	10.1007/s00223-017-0259-2	TRUE
liu	2017	2200	10.1007/s10566-017-9395-0	TRUE
liu	2017	2200	10.1007/s11356-017-8599-z	TRUE
liu	2017	2200	10.1007/s11673-017-9782-0	TRUE
liu	2017	2200	10.1007/s11682-017-9706-y	TRUE
liu	2017	2200	10.1007/s12032-017-0912-7	TRUE
liu	2017	2200	10.1007/s00216-017-0316-8	TRUE
liu	2017	2200	10.1007/s00158-017-1685-5	TRUE
liu	2017	2200	10.1007/s10822-017-0020-y	TRUE
liu	2017	2200	10.1007/s12186-017-9179-6	TRUE
liu	2017	2200	10.1007/s12186-017-9181-z	TRUE
liu	2017	2200	10.1007/s10618-017-0510-5	TRUE
liu	2017	2200	10.1007/s12053-017-9528-1	TRUE
liu	2017	2200	10.1007/s41465-017-0028-1	TRUE
liu	2017	2200	10.1007/s00033-017-0823-7	TRUE
liu	2017	2200	10.1007/s00192-017-3392-6	TRUE
liu	2017	2200	10.1007/s00769-017-1275-7	TRUE
liu	2017	2200	10.1007/s41651-017-0001-7	TRUE
liu	2017	2200	10.1007/s11661-017-4212-9	TRUE
liu	2017	2200	10.1007/s12083-017-0578-0	TRUE
liu	2017	2200	10.1007/s00246-017-1655-0	TRUE
liu	2017	2200	10.1007/s12013-017-0814-5	TRUE
liu	2017	2200	10.1007/s11740-017-0763-2	TRUE
liu	2017	2200	10.1007/s00068-017-0827-1	TRUE
liu	2017	2200	10.1007/s10926-017-9731-0	TRUE
liu	2017	2200	10.1007/s10543-017-0676-7	TRUE
liu	2017	2200	10.1007/s00268-017-4160-y	TRUE
liu	2017	2200	10.1007/s11019-017-9798-6	TRUE
liu	2017	2200	10.1007/s10801-017-0785-z	TRUE
liu	2017	2200	10.1007/s11128-017-1679-7	TRUE
liu	2017	2200	10.1007/s41207-017-0031-z	TRUE
liu	2017	2200	10.1007/s00138-017-0871-1	TRUE
liu	2017	2200	10.1007/s00787-017-1052-5	TRUE
liu	2017	2200	10.1007/s10728-017-0346-6	TRUE
liu	2017	2200	10.1007/s00268-017-4215-0	TRUE
liu	2017	2200	10.1007/s00403-017-1778-4	TRUE
liu	2017	2200	10.1007/s10584-017-2067-0	TRUE
liu	2017	2200	10.1007/s10683-017-9540-5	TRUE
liu	2017	2200	10.1007/s11239-017-1543-8	TRUE
liu	2017	2200	10.1007/s12186-017-9192-9	TRUE
liu	2017	2200	10.1007/s10858-017-0141-6	TRUE
liu	2017	2200	10.1007/s10853-017-1657-6	TRUE
liu	2017	2200	10.1007/s10404-017-2017-1	TRUE
liu	2017	2200	10.1007/s00414-017-1730-3	TRUE
liu	2017	2200	10.1007/s10554-017-1261-5	TRUE
liu	2017	2200	10.1007/s00280-017-3481-8	TRUE
liu	2017	2200	10.1007/s10853-017-1837-4	TRUE
liu	2017	2200	10.1007/s00429-017-1566-0	TRUE
liu	2017	2200	10.1007/s00125-017-4481-2	TRUE
liu	2017	2200	10.1007/s10549-017-4508-x	TRUE
liu	2017	2200	10.1007/s00268-017-4320-0	TRUE
liu	2017	2200	10.1007/s10555-017-9697-6	TRUE
liu	2017	2200	10.1007/s10823-017-9337-1	TRUE
liu	2017	2200	10.1007/s11901-017-0378-2	TRUE
liu	2017	2200	10.1007/s10659-017-9658-x	TRUE
liu	2017	2200	10.1007/s10479-017-2645-6	TRUE
liu	2017	2200	10.1007/s40840-017-0575-8	TRUE
liu	2017	2200	10.1007/s10853-017-1849-0	TRUE
liu	2017	2200	10.1007/s42001-017-0006-5	TRUE
liu	2017	2200	10.1007/s11191-017-9935-x	TRUE
liu	2017	2200	10.1007/s10851-017-0775-8	TRUE
liu	2017	2200	10.1007/s10798-017-9431-2	TRUE
liu	2017	2200	10.1007/s10113-017-1257-7	TRUE
liu	2017	2200	10.1007/s00228-017-2391-3	TRUE
liu	2017	2200	10.1007/s11356-017-0907-0	TRUE
liu	2017	2200	10.1007/s11191-017-9938-7	TRUE
liu	2017	2200	10.1007/s00425-017-2824-3	TRUE
liu	2017	2200	10.1007/s10912-017-9501-1	TRUE
liu	2017	2200	10.1007/s11019-017-9816-8	TRUE
liu	2017	2200	10.1007/s00228-017-2402-4	TRUE
liu	2017	2200	10.1007/s10806-017-9703-6	TRUE
liu	2017	2200	10.1007/s11517-017-1725-8	TRUE
lnu	2017	2200	10.1007/s10699-017-9524-0	TRUE
lnu	2017	2200	10.1007/s11227-017-1994-x	TRUE
lnu	2017	2200	10.1007/s10614-017-9682-8	TRUE
lnu	2017	2200	10.1007/s00041-017-9542-x	TRUE
lnu	2017	2200	10.1007/s00436-017-5439-5	TRUE
lnu	2017	2200	10.1007/s00148-017-0648-x	TRUE
lnu	2017	2200	10.1007/s10841-017-9985-z	TRUE
lnu	2017	2200	10.1007/s13644-017-0294-5	TRUE
lnu	2017	2200	10.1007/s10701-017-0089-0	TRUE
lnu	2017	2200	10.1007/s10532-017-9796-7	TRUE
lnu	2017	2200	10.1007/s13394-017-0211-9	TRUE
lnu	2017	2200	10.1007/s00520-017-3831-4	TRUE
lnu	2017	2200	10.1007/s11244-017-0816-y	TRUE
lnu	2017	2200	10.1007/s11165-017-9627-1	TRUE
lnu	2017	2200	10.1007/s00468-017-1603-x	TRUE
lnu	2017	2200	10.1007/s11868-017-0219-7	TRUE
lnu	2017	2200	10.1007/s11340-017-0322-y	TRUE
lnu	2017	2200	10.1007/s00226-017-0952-3	TRUE
lnu	2017	2200	10.1007/s00334-017-0636-9	TRUE
lnu	2017	2200	10.1007/s11356-017-0243-4	TRUE
lnu	2017	2200	10.1007/s10562-017-2229-8	TRUE
lnu	2017	2200	10.1007/s12053-017-9581-9	TRUE
lnu	2017	2200	10.1007/s10888-017-9368-4	TRUE
ltu	2017	2200	10.1007/s13399-016-0235-5	TRUE
ltu	2017	2200	10.1007/s10846-017-0483-z	TRUE
ltu	2017	2200	10.1007/s00187-016-0242-5	TRUE
ltu	2017	2200	10.1007/s10916-017-0685-8	TRUE
ltu	2017	2200	10.1007/s00253-017-8089-8	TRUE
ltu	2017	2200	10.1007/s11242-017-0819-y	TRUE
ltu	2017	2200	10.1007/s13563-017-0103-1	TRUE
ltu	2017	2200	10.1007/s11249-017-0826-8	TRUE
ltu	2017	2200	10.1007/s13157-017-0884-6	TRUE
ltu	2017	2200	10.1007/s11663-017-0944-6	TRUE
ltu	2017	2200	10.1007/s00009-017-0872-3	TRUE
ltu	2017	2200	10.1007/s12665-017-6524-x	TRUE
ltu	2017	2200	10.1007/s11249-017-0864-2	TRUE
ltu	2017	2200	10.1007/s10470-017-1011-6	TRUE
ltu	2017	2200	10.1007/s10570-017-1354-2	TRUE
ltu	2017	2200	10.1007/s12665-017-6753-z	TRUE
ltu	2017	2200	10.1007/s10570-017-1405-8	TRUE
ltu	2017	2200	10.1007/s00500-017-2732-2	TRUE
ltu	2017	2200	10.1007/s00231-017-2087-3	TRUE
ltu	2017	2200	10.1007/s12553-017-0201-7	TRUE
ltu	2017	2200	10.1007/s00501-017-0658-8	TRUE
ltu	2017	2200	10.1007/s11365-017-0458-3	TRUE
ltu	2017	2200	10.1208/s12249-017-0836-8	TRUE
ltu	2017	2200	10.1007/s11270-017-3438-x	TRUE
ltu	2017	2200	10.1007/s00013-017-1063-y	TRUE
ltu	2017	2200	10.1007/s11012-017-0738-6	TRUE
ltu	2017	2200	10.1007/s00466-017-1442-z	TRUE
ltu	2017	2200	10.1007/s10494-017-9855-5	TRUE
ltu	2017	2200	10.1007/s00009-017-1004-9	TRUE
ltu	2017	2200	10.1007/s10583-017-9338-2	TRUE
ltu	2017	2200	10.1007/s13563-017-0122-y	TRUE
ltu	2017	2200	10.1007/s10583-017-9340-8	TRUE
ltu	2017	2200	10.1007/s12665-017-7094-7	TRUE
ltu	2017	2200	10.1007/s13563-017-0125-8	TRUE
ltu	2017	2200	10.1007/s10904-017-0685-7	TRUE
ltu	2017	2200	10.1007/s00231-017-2192-3	TRUE
ltu	2017	2200	10.1007/s11600-017-0066-1	TRUE
ltu	2017	2200	10.1007/s40520-017-0882-9	TRUE
lu	2017	2200	10.1007/s00125-017-4207-5	TRUE
lu	2017	2200	10.1007/s10784-016-9348-3	TRUE
lu	2017	2200	10.1007/s11229-016-1301-z	TRUE
lu	2017	2200	10.1007/s00330-016-4723-6	TRUE
lu	2017	2200	10.1007/s10689-016-9953-x	TRUE
lu	2017	2200	10.1007/s00023-016-0546-x	TRUE
lu	2017	2200	10.1007/s00264-016-3389-7	TRUE
lu	2017	2200	10.1007/s00170-017-0065-z	TRUE
lu	2017	2200	10.1007/s00265-016-2264-2	TRUE
lu	2017	2200	10.1007/s10096-017-2907-x	TRUE
lu	2017	2200	10.1007/s13280-016-0893-3	TRUE
lu	2017	2200	10.1007/s10836-016-5638-5	TRUE
lu	2017	2200	10.1007/s11256-016-0394-5	TRUE
lu	2017	2200	10.1007/s00246-016-1565-6	TRUE
lu	2017	2200	10.1007/s10654-017-0228-0	TRUE
lu	2017	2200	10.1007/s11406-016-9809-5	TRUE
lu	2017	2200	10.1007/s11229-017-1319-x	TRUE
lu	2017	2200	10.1007/s00296-017-3678-5	TRUE
lu	2017	2200	10.1007/s10040-017-1540-1	TRUE
lu	2017	2200	10.1007/s11235-017-0275-6	TRUE
lu	2017	2200	10.1007/s10701-017-0068-5	TRUE
lu	2017	2200	10.1007/s10905-017-9605-5	TRUE
lu	2017	2200	10.1007/s00365-017-9368-4	TRUE
lu	2017	2200	10.1007/s10286-017-0409-7	TRUE
lu	2017	2200	10.1007/s12975-017-0523-9	TRUE
lu	2017	2200	10.1007/s10552-017-0859-1	TRUE
lu	2017	2200	10.3758/s13428-017-0863-0	TRUE
lu	2017	2200	10.1007/s12161-017-0830-5	TRUE
lu	2017	2200	10.1007/s12529-017-9641-8	TRUE
lu	2017	2200	10.1007/s12369-017-0396-9	TRUE
lu	2017	2200	10.1007/s00262-017-1962-6	TRUE
lu	2017	2200	10.1007/s00018-017-2494-0	TRUE
lu	2017	2200	10.1007/s00039-017-0400-4	TRUE
lu	2017	2200	10.1007/s00041-017-9533-y	TRUE
lu	2017	2200	10.1007/s00191-017-0491-y	TRUE
lu	2017	2200	10.1007/s00246-017-1593-x	TRUE
lu	2017	2200	10.1007/s00253-017-8211-y	TRUE
lu	2017	2200	10.1007/s00259-017-3678-4	TRUE
lu	2017	2200	10.1007/s00268-017-4000-0	TRUE
lu	2017	2200	10.1007/s00340-017-6681-3	TRUE
lu	2017	2200	10.1007/s00359-017-1165-9	TRUE
lu	2017	2200	10.1007/s00396-017-4052-6	TRUE
lu	2017	2200	10.1007/s00406-017-0778-x	TRUE
lu	2017	2200	10.1007/s00420-017-1209-z	TRUE
lu	2017	2200	10.1007/s00441-017-2587-y	TRUE
lu	2017	2200	10.1007/s00484-017-1329-x	TRUE
lu	2017	2200	10.1007/s10570-017-1272-3	TRUE
lu	2017	2200	10.1007/s10784-017-9355-z	TRUE
lu	2017	2200	10.1007/s11239-017-1491-3	TRUE
lu	2017	2200	10.1007/s11269-017-1590-0	TRUE
lu	2017	2200	10.1007/s11695-017-2642-5	TRUE
lu	2017	2200	10.1007/s11784-017-0417-1	TRUE
lu	2017	2200	10.1007/s12035-017-0461-2	TRUE
lu	2017	2200	10.1007/s12116-017-9235-0	TRUE
lu	2017	2200	10.1007/s40505-017-0117-4	TRUE
lu	2017	2200	10.1007/s40520-017-0750-7	TRUE
lu	2017	2200	10.1007/s40899-017-0106-7	TRUE
lu	2017	2200	10.1140/epjp/i2017-11331-2	TRUE
lu	2017	2200	10.1007/s00125-017-4278-3	TRUE
lu	2017	2200	10.1007/s00198-017-4047-7	TRUE
lu	2017	2200	10.1007/s00359-017-1173-9	TRUE
lu	2017	2200	10.1007/s00127-017-1385-x	TRUE
lu	2017	2200	10.1007/s10664-017-9511-7	TRUE
lu	2017	2200	10.1007/s11269-017-1685-7	TRUE
lu	2017	2200	10.1007/s00484-017-1352-y	TRUE
lu	2017	2200	10.1007/s11625-017-0428-2	TRUE
lu	2017	2200	10.1007/s10339-017-0805-x	TRUE
lu	2017	2200	10.1007/s00426-017-0862-x	TRUE
lu	2017	2200	10.1007/s11244-017-0814-0	TRUE
lu	2017	2200	10.1007/s10479-017-2542-z	TRUE
lu	2017	2200	10.1007/s11244-017-0812-2	TRUE
lu	2017	2200	10.1007/s10113-017-1166-9	TRUE
lu	2017	2200	10.1007/s10508-017-0978-5	TRUE
lu	2017	2200	10.1007/s11244-017-0827-8	TRUE
lu	2017	2200	10.1007/s10151-017-1637-5	TRUE
lu	2017	2200	10.1007/s00125-017-4308-1	TRUE
lu	2017	2200	10.1007/s11127-017-0458-4	TRUE
lu	2017	2200	10.1007/s10549-017-4306-5	TRUE
lu	2017	2200	10.1007/s00251-017-0993-7	TRUE
lu	2017	2200	10.1007/s11356-017-9245-5	TRUE
lu	2017	2200	10.1007/s40136-017-0152-6	TRUE
lu	2017	2200	10.1007/s10849-017-9252-4	TRUE
lu	2017	2200	10.1007/s10940-017-9355-8	TRUE
lu	2017	2200	10.1007/s10198-017-0895-5	TRUE
lu	2017	2200	10.1007/s11005-017-0961-z	TRUE
lu	2017	2200	10.1007/s00359-017-1171-y	TRUE
lu	2017	2200	10.1007/s00125-017-4286-3	TRUE
lu	2017	2200	10.1007/s00362-017-0911-y	TRUE
lu	2017	2200	10.1007/s12155-017-9841-8	TRUE
lu	2017	2200	10.1007/s11242-017-0866-4	TRUE
lu	2017	2200	10.1007/s00216-017-0380-0	TRUE
lu	2017	2200	10.1007/s11590-017-1146-5	TRUE
lu	2017	2200	10.1007/s11187-017-9871-9	TRUE
lu	2017	2200	10.1140/epjst/e2016-60316-9	TRUE
lu	2017	2200	10.1007/s00011-017-1062-2	TRUE
lu	2017	2200	10.1007/s00125-017-4341-0	TRUE
lu	2017	2200	10.1007/s00221-017-4993-5	TRUE
lu	2017	2200	10.1007/s00484-017-1380-7	TRUE
lu	2017	2200	10.1007/s10029-017-1624-9	TRUE
lu	2017	2200	10.1007/s10334-017-0637-9	TRUE
lu	2017	2200	10.1007/s10549-017-4343-0	TRUE
lu	2017	2200	10.1007/s10570-017-1370-2	TRUE
lu	2017	2200	10.1007/s10815-017-0989-0	TRUE
lu	2017	2200	10.1007/s10877-017-0033-z	TRUE
lu	2017	2200	10.1007/s11229-017-1472-2	TRUE
lu	2017	2200	10.1007/s11241-017-9284-5	TRUE
lu	2017	2200	10.1007/s11244-017-0817-x	TRUE
lu	2017	2200	10.1007/s11947-017-1936-x	TRUE
lu	2017	2200	10.1007/s12975-017-0539-1	TRUE
lu	2017	2200	10.1007/s12520-017-0518-1	TRUE
lu	2017	2200	10.1007/s10851-017-0753-1	TRUE
lu	2017	2200	10.1007/s13361-017-1705-0	TRUE
lu	2017	2200	10.1007/s10734-017-0168-3	TRUE
lu	2017	2200	10.1007/s10761-017-0433-2	TRUE
lu	2017	2200	10.1007/s11947-017-1959-3	TRUE
lu	2017	2200	10.1007/s11661-017-4210-y	TRUE
lu	2017	2200	10.1007/s12031-017-0944-7	TRUE
lu	2017	2200	10.1007/s10071-017-1121-7	TRUE
lu	2017	2200	10.1007/s00231-017-2099-z	TRUE
lu	2017	2200	10.1007/s00347-017-0543-6	TRUE
lu	2017	2200	10.1007/s12053-017-9549-9	TRUE
lu	2017	2200	10.1007/s10584-017-2020-2	TRUE
lu	2017	2200	10.1007/s10570-017-1407-6	TRUE
lu	2017	2200	10.1007/s00484-017-1402-5	TRUE
lu	2017	2200	10.1007/s00340-017-6784-x	TRUE
lu	2017	2200	10.1007/s11910-017-0780-8	TRUE
lu	2017	2200	10.1007/s00775-017-1480-1	TRUE
lu	2017	2200	10.1007/s11104-017-3324-8	TRUE
lu	2017	2200	10.1007/s00348-017-2396-9	TRUE
lu	2017	2200	10.1007/s11192-017-2479-7	TRUE
lu	2017	2200	10.1007/s12551-017-0289-z	TRUE
lu	2017	2200	10.1007/s12010-017-2577-2	TRUE
lu	2017	2200	10.1007/s13347-017-0274-2	TRUE
lu	2017	2200	10.1007/s10549-017-4416-0	TRUE
lu	2017	2200	10.1007/s12243-017-0597-0	TRUE
lu	2017	2200	10.1007/s00442-017-3923-3	TRUE
lu	2017	2200	10.1007/s00167-017-4676-6	TRUE
lu	2017	2200	10.1007/s11266-017-9900-y	TRUE
lu	2017	2200	10.1007/s10508-017-1028-z	TRUE
lu	2017	2200	10.1007/s11625-017-0464-y	TRUE
lu	2017	2200	10.1007/s00787-017-1035-6	TRUE
lu	2017	2200	10.1007/s10329-017-0624-9	TRUE
lu	2017	2200	10.1007/s10071-017-1131-5	TRUE
lu	2017	2200	10.1007/s10919-017-0267-y	TRUE
lu	2017	2200	10.1007/s00394-017-1530-z	TRUE
lu	2017	2200	10.1007/s00198-017-4203-0	TRUE
lu	2017	2200	10.1007/s00296-017-3809-z	TRUE
lu	2017	2200	10.1007/s00232-017-9988-4	TRUE
lu	2017	2200	10.1007/s11692-017-9431-x	TRUE
lu	2017	2200	10.1007/s00606-017-1457-0	TRUE
lu	2017	2200	10.1007/s10822-017-0056-z	TRUE
lu	2017	2200	10.1007/s00441-017-2687-8	TRUE
lu	2017	2200	10.1007/s00359-017-1212-6	TRUE
lu	2017	2200	10.1007/s00334-017-0633-z	TRUE
lu	2017	2200	10.1007/s10694-017-0674-y	TRUE
lu	2017	2200	10.1007/s11562-017-0406-6	TRUE
lu	2017	2200	10.1007/s00198-017-4221-y	TRUE
lu	2017	2200	10.1007/s00592-017-1063-1	TRUE
lu	2017	2200	10.1007/s00125-017-4448-3	TRUE
lu	2017	2200	10.1007/s11217-017-9579-y	TRUE
lu	2017	2200	10.1007/s10651-017-0387-x	TRUE
lu	2017	2200	10.1007/s40980-017-0039-7	TRUE
lu	2017	2200	10.1007/s00216-017-0663-5	TRUE
lu	2017	2200	10.1007/s00180-017-0770-y	TRUE
lu	2017	2200	10.1007/s12687-017-0341-5	TRUE
lu	2017	2200	10.1007/s00393-017-0389-y	TRUE
lu	2017	2200	10.1007/s00441-017-2701-1	TRUE
lu	2017	2200	10.1007/s10822-017-0074-x	TRUE
lu	2017	2200	10.1007/s11239-017-1563-4	TRUE
lu	2017	2200	10.1007/s10067-017-3848-6	TRUE
lu	2017	2200	10.1007/s00268-017-4268-0	TRUE
lu	2017	2200	10.1007/s12109-017-9558-8	TRUE
lu	2017	2200	10.1007/s00125-017-4472-3	TRUE
lu	2017	2200	10.1007/s13399-017-0294-2	TRUE
lu	2017	2200	10.1007/s41685-017-0058-9	TRUE
lu	2017	2200	10.1007/s00128-017-2190-7	TRUE
lu	2017	2200	10.1007/s00467-017-3816-z	TRUE
lu	2017	2200	10.1007/s00125-017-4464-3	TRUE
lu	2017	2200	10.1007/s11356-017-0633-7	TRUE
lu	2017	2200	10.1007/s00228-017-2361-9	TRUE
lu	2017	2200	10.1007/s00220-017-3027-2	TRUE
lu	2017	2200	10.1007/s00265-017-2400-7	TRUE
lu	2017	2200	10.1007/s10549-017-4584-y	TRUE
lu	2017	2200	10.1007/s00484-017-1476-0	TRUE
lu	2017	2200	10.1007/s00340-017-6855-z	TRUE
lu	2017	2200	10.1007/s00186-017-0620-2	TRUE
lu	2017	2200	10.1007/s00394-017-1563-3	TRUE
lu	2017	2200	10.1007/s00359-017-1235-z	TRUE
lu	2017	2200	10.1007/s00216-017-0735-6	TRUE
lu	2017	2200	10.1007/s11625-017-0502-9	TRUE
lu	2017	2200	10.1007/s00107-017-1264-x	TRUE
lu	2017	2200	10.1007/s11625-017-0499-0	TRUE
lu	2017	2200	10.1007/s10503-017-9443-9	TRUE
lu	2017	2200	10.1007/s00466-017-1511-3	TRUE
lu	2017	2200	10.1007/s10340-017-0929-x	TRUE
lu	2017	2200	10.1007/s40520-017-0870-0	TRUE
lu	2017	2200	10.1007/s10071-017-1152-0	TRUE
lu	2017	2200	10.1007/s00021-017-0355-0	TRUE
lu	2017	2200	10.1007/s11158-017-9388-8	TRUE
lu	2017	2200	10.1007/s00775-017-1522-8	TRUE
lu	2017	2200	10.1007/s00411-017-0725-2	TRUE
lu	2017	2200	10.1007/s11219-017-9396-0	TRUE
lu	2017	2200	10.1007/s00592-017-1088-5	TRUE
lu	2017	2200	10.1007/s13194-017-0196-y	TRUE
lu	2017	2200	10.1007/s00394-017-1595-8	TRUE
lu	2017	2200	10.1007/s12124-017-9412-8	TRUE
lu	2017	2200	10.1007/s00701-017-3435-2	TRUE
lu	2017	2200	10.1007/s12149-017-1223-y	TRUE
lu	2017	2200	10.1007/s00484-017-1493-z	TRUE
lu	2017	2200	10.1007/s11356-017-0992-0	TRUE
lu	2017	2200	10.1007/s00021-017-0346-1	TRUE
lu	2017	2200	10.1007/s00125-017-4512-z	TRUE
lu	2017	2200	10.1007/s00248-017-1115-7	TRUE
mah	2017	2200	10.1007/s12142-016-0442-2	TRUE
mah	2017	2200	10.1007/s00784-016-2044-4	TRUE
mah	2017	2200	10.1007/s12142-017-0450-x	TRUE
mah	2017	2200	10.1007/s00198-017-4004-5	TRUE
mah	2017	2200	10.1007/s00192-017-3319-2	TRUE
mah	2017	2200	10.1007/s12126-017-9296-4	TRUE
mah	2017	2200	10.1007/s10704-017-0242-y	TRUE
mah	2017	2200	10.1007/s12119-017-9461-7	TRUE
mah	2017	2200	10.1007/s12517-017-3187-6	TRUE
mah	2017	2200	10.1007/s40368-017-0302-z	TRUE
mah	2017	2200	10.1007/s11422-016-9802-0	TRUE
mah	2017	2200	10.1007/s12026-017-8972-5	TRUE
mah	2017	2200	10.1007/s00420-017-1275-2	TRUE
mdh	2017	2200	10.1007/s10270-017-0579-8	TRUE
mdh	2017	2200	10.1007/s00779-017-1003-7	TRUE
mdh	2017	2200	10.1007/s11241-017-9268-5	TRUE
mdh	2017	2200	10.1007/s11083-016-9420-1	TRUE
mdh	2017	2200	10.1007/s11241-017-9276-5	TRUE
mdh	2017	2200	10.1007/s11241-017-9283-6	TRUE
mdh	2017	2200	10.1007/s11276-017-1546-6	TRUE
mdh	2017	2200	10.1007/s10955-017-1847-2	TRUE
mdh	2017	2200	10.1007/s13158-017-0201-9	TRUE
mdh	2017	2200	10.1007/s40962-017-0189-9	TRUE
mdh	2017	2200	10.1007/s11276-017-1605-z	TRUE
mdh	2017	2200	10.1007/s11009-017-9595-y	TRUE
mdh	2017	2200	10.1007/s10560-017-0522-4	TRUE
mittagleffler	2017	2200	10.1007/s00209-017-2008-7	TRUE
miu	2017	2200	10.1007/s10639-017-9576-3	TRUE
miu	2017	2200	10.1007/s11557-017-1281-5	TRUE
miu	2017	2200	10.1007/s41701-017-0016-9	TRUE
miu	2017	2200	10.1007/s00421-017-3596-y	TRUE
miu	2017	2200	10.1007/s10776-017-0357-0	TRUE
miu	2017	2200	10.1007/s11661-017-4207-6	TRUE
miu	2017	2200	10.1007/s40615-017-0408-3	TRUE
miu	2017	2200	10.1007/s11145-017-9796-3	TRUE
nrm	2017	2200	10.1007/s00606-017-1389-8	TRUE
nrm	2017	2200	10.1007/s00606-017-1422-y	TRUE
nrm	2017	2200	10.1007/s12549-017-0279-y	TRUE
nrm	2017	2200	10.1007/s10914-017-9405-x	TRUE
nrm	2017	2200	10.1007/s12549-017-0286-z	TRUE
nrm	2017	2200	10.1007/s00710-017-0523-1	TRUE
nrm	2017	2200	10.1007/s00035-017-0191-0	TRUE
nrm	2017	2200	10.1007/s12549-017-0309-9	TRUE
nrm	2017	2200	10.1007/s11557-017-1363-4	TRUE
oru	2017	2200	10.1007/s12032-017-0893-6	TRUE
oru	2017	2200	10.1007/s10620-016-4422-9	TRUE
oru	2017	2200	10.1007/s10732-016-9322-9	TRUE
oru	2017	2200	10.1007/s11695-017-2570-4	TRUE
oru	2017	2200	10.1007/s11187-016-9815-9	TRUE
oru	2017	2200	10.1007/s11217-017-9564-5	TRUE
oru	2017	2200	10.1007/s00068-017-0779-5	TRUE
oru	2017	2200	10.1007/s00158-017-1679-3	TRUE
oru	2017	2200	10.1007/s00268-017-3935-5	TRUE
oru	2017	2200	10.1007/s10096-017-2966-z	TRUE
oru	2017	2200	10.1007/s13394-017-0202-x	TRUE
oru	2017	2200	10.1007/s10803-017-3128-y	TRUE
oru	2017	2200	10.1007/s41549-017-0016-7	TRUE
oru	2017	2200	10.1007/s00240-017-0994-x	TRUE
oru	2017	2200	10.1007/s00330-017-4852-6	TRUE
oru	2017	2200	10.1007/s10096-017-3016-6	TRUE
oru	2017	2200	10.1007/s10730-017-9325-4	TRUE
oru	2017	2200	10.1007/s13402-017-0331-y	TRUE
oru	2017	2200	10.1007/s11695-017-2798-z	TRUE
oru	2017	2200	10.1007/s00068-017-0813-7	TRUE
oru	2017	2200	10.1007/s11116-017-9803-1	TRUE
oru	2017	2200	10.1007/s00405-017-4679-4	TRUE
oru	2017	2200	10.1007/s11187-017-9947-6	TRUE
oru	2017	2200	10.1007/s00330-017-5100-9	TRUE
oru	2017	2200	10.1007/s10639-017-9669-z	TRUE
oru	2017	2200	10.1007/s00701-017-3358-y	TRUE
oru	2017	2200	10.1007/s41809-017-0009-z	TRUE
oru	2017	2200	10.1007/s00268-017-4328-5	TRUE
oru	2017	2200	10.1007/s11019-017-9818-6	TRUE
oru	2017	2200	10.1007/s10803-017-3436-2	TRUE
sh	2017	2200	10.1007/s11406-016-9791-y	TRUE
sh	2017	2200	10.1007/s40926-017-0061-2	TRUE
sh	2017	2200	10.1007/s11019-017-9786-x	TRUE
sh	2017	2200	10.1007/s10646-017-1866-4	TRUE
sh	2017	2200	10.1007/s11217-017-9591-2	TRUE
sh	2017	2200	10.1007/s11097-017-9544-9	TRUE
slu	2017	2200	10.1007/s00216-017-0192-2	TRUE
slu	2017	2200	10.1007/s00374-016-1168-7	TRUE
slu	2017	2200	10.1007/s11252-017-0648-3	TRUE
slu	2017	2200	10.1007/s12230-016-9561-1	TRUE
slu	2017	2200	10.1007/s10164-016-0504-6	TRUE
slu	2017	2200	10.1007/s13353-016-0382-1	TRUE
slu	2017	2200	10.1007/s10745-016-9882-1	TRUE
slu	2017	2200	10.1007/s11627-016-9797-y	TRUE
slu	2017	2200	10.1007/s11295-017-1103-6	TRUE
slu	2017	2200	10.1007/s41055-017-0008-2	TRUE
slu	2017	2200	10.1007/s10953-017-0581-3	TRUE
slu	2017	2200	10.1007/s10641-016-0563-0	TRUE
slu	2017	2200	10.1007/s10534-017-0004-3	TRUE
slu	2017	2200	10.1007/s12230-017-9567-3	TRUE
slu	2017	2200	10.1007/s10531-017-1321-0	TRUE
slu	2017	2200	10.1007/s10342-017-1027-6	TRUE
slu	2017	2200	10.1007/s40725-017-0051-6	TRUE
slu	2017	2200	10.1007/s10722-017-0493-5	TRUE
slu	2017	2200	10.1007/s10530-017-1372-x	TRUE
slu	2017	2200	10.1007/s00253-017-8185-9	TRUE
slu	2017	2200	10.1007/s10531-017-1301-4	TRUE
slu	2017	2200	10.1007/s13165-017-0178-6	TRUE
slu	2017	2200	10.1007/s10612-017-9358-7	TRUE
slu	2017	2200	10.1007/s10646-017-1787-2	TRUE
slu	2017	2200	10.1007/s11252-017-0658-1	TRUE
slu	2017	2200	10.1007/s11259-017-9686-9	TRUE
slu	2017	2200	10.1007/s11367-017-1298-7	TRUE
slu	2017	2200	10.1007/s13280-017-0909-7	TRUE
slu	2017	2200	10.1007/s13280-017-0913-y	TRUE
slu	2017	2200	10.1007/s41348-017-0081-0	TRUE
slu	2017	2200	10.1007/s00267-017-0851-2	TRUE
slu	2017	2200	10.1007/s10658-017-1222-9	TRUE
slu	2017	2200	10.1007/s00394-017-1450-y	TRUE
slu	2017	2200	10.1007/s00468-017-1552-4	TRUE
slu	2017	2200	10.1007/s10021-017-0149-5	TRUE
slu	2017	2200	10.1007/s10722-017-0516-2	TRUE
slu	2017	2200	10.1007/s11270-017-3392-7	TRUE
slu	2017	2200	10.1007/s12155-017-9836-5	TRUE
slu	2017	2200	10.1007/s11056-017-9589-1	TRUE
slu	2017	2200	10.1007/s00442-017-3878-4	TRUE
slu	2017	2200	10.1007/s10584-017-1977-1	TRUE
slu	2017	2200	10.1007/s00284-017-1276-0	TRUE
slu	2017	2200	10.1007/s10658-017-1258-x	TRUE
slu	2017	2200	10.1007/s11356-017-9300-2	TRUE
slu	2017	2200	10.1007/s13593-017-0442-x	TRUE
slu	2017	2200	10.1007/s10886-017-0860-x	TRUE
slu	2017	2200	10.1007/s00442-017-3895-3	TRUE
slu	2017	2200	10.1007/s00203-017-1412-z	TRUE
slu	2017	2200	10.1007/s10886-017-0876-2	TRUE
slu	2017	2200	10.1007/s00362-017-0937-1	TRUE
slu	2017	2200	10.1007/s12155-017-9871-2	TRUE
slu	2017	2200	10.1007/s00049-017-0244-2	TRUE
slu	2017	2200	10.1007/s10722-017-0562-9	TRUE
slu	2017	2200	10.1007/s00442-017-3945-x	TRUE
slu	2017	2200	10.1007/s10340-017-0915-3	TRUE
slu	2017	2200	10.1007/s10482-017-0963-y	TRUE
slu	2017	2200	10.1007/s00438-017-1395-0	TRUE
slu	2017	2200	10.1007/s00128-017-2206-3	TRUE
slu	2017	2200	10.1007/s13280-017-0987-6	TRUE
slu	2017	2200	10.1007/s10265-017-0994-5	TRUE
slu	2017	2200	10.1007/s12155-017-9884-x	TRUE
slu	2017	2200	10.1007/s13280-017-0984-9	TRUE
slu	2017	2200	10.1007/s00468-017-1638-z	TRUE
slu	2017	2200	10.1007/s10841-017-0031-y	TRUE
slu	2017	2200	10.1007/s13280-017-0935-5	TRUE
slu	2017	2200	10.1007/s12571-017-0742-7	TRUE
slu	2017	2200	10.1007/s11104-017-3444-1	TRUE
slu	2017	2200	10.1007/s11250-017-1501-7	TRUE
su	2017	2200	10.1007/s10955-016-1704-8	TRUE
su	2017	2200	10.1007/s12187-017-9443-1	TRUE
su	2017	2200	10.1007/s11158-016-9348-8	TRUE
su	2017	2200	10.1007/s11356-016-8320-7	TRUE
su	2017	2200	10.1007/s11356-017-8467-x	TRUE
su	2017	2200	10.1007/s11356-016-8248-y	TRUE
su	2017	2200	10.1007/s12665-017-6418-y	TRUE
su	2017	2200	10.1007/s10708-016-9761-8	TRUE
su	2017	2200	10.1007/s11406-016-9803-y	TRUE
su	2017	2200	10.1007/s10661-017-5839-0	TRUE
su	2017	2200	10.1007/s10570-017-1211-3	TRUE
su	2017	2200	10.1007/s00018-017-2498-9	TRUE
su	2017	2200	10.1007/s00018-017-2503-3	TRUE
su	2017	2200	10.1007/s00020-017-2357-y	TRUE
su	2017	2200	10.1007/s10339-017-0799-4	TRUE
su	2017	2200	10.1007/s10344-017-1091-8	TRUE
su	2017	2200	10.1007/s10472-017-9539-9	TRUE
su	2017	2200	10.1007/s10680-017-9419-3	TRUE
su	2017	2200	10.1007/s10701-017-0078-3	TRUE
su	2017	2200	10.1007/s10899-017-9676-4	TRUE
su	2017	2200	10.1007/s10973-017-6280-x	TRUE
su	2017	2200	10.1007/s11135-017-0493-8	TRUE
su	2017	2200	10.1007/s11422-016-9787-8	TRUE
su	2017	2200	10.1007/s11165-016-9597-8	TRUE
su	2017	2200	10.1007/s11009-017-9559-2	TRUE
su	2017	2200	10.1007/s11356-017-8851-6	TRUE
su	2017	2200	10.1007/s10113-017-1150-4	TRUE
su	2017	2200	10.1007/s11191-017-9879-1	TRUE
su	2017	2200	10.1007/s12186-017-9178-7	TRUE
su	2017	2200	10.1007/s10533-017-0331-z	TRUE
su	2017	2200	10.1007/s11356-017-8956-y	TRUE
su	2017	2200	10.1007/s10592-017-0972-4	TRUE
su	2017	2200	10.1007/s11229-017-1408-x	TRUE
su	2017	2200	10.1007/s11409-017-9172-3	TRUE
su	2017	2200	10.1007/s00227-017-3168-z	TRUE
su	2017	2200	10.1007/s12117-017-9310-y	TRUE
su	2017	2200	10.1007/s11422-016-9794-9	TRUE
su	2017	2200	10.1007/s11113-017-9437-1	TRUE
su	2017	2200	10.1007/s10682-017-9901-8	TRUE
su	2017	2200	10.1007/s10597-017-0146-3	TRUE
su	2017	2200	10.1007/s00285-017-1147-0	TRUE
su	2017	2200	10.1007/s00604-017-2306-0	TRUE
su	2017	2200	10.1007/s10113-017-1169-6	TRUE
su	2017	2200	10.1007/s10980-017-0544-5	TRUE
su	2017	2200	10.1007/s10993-017-9439-1	TRUE
su	2017	2200	10.1007/s11165-016-9594-y	TRUE
su	2017	2200	10.1007/s11187-017-9887-1	TRUE
su	2017	2200	10.1007/s11625-017-0445-1	TRUE
su	2017	2200	10.1007/s00429-017-1469-0	TRUE
su	2017	2200	10.1007/s40692-017-0088-3	TRUE
su	2017	2200	10.1007/s12117-017-9315-6	TRUE
su	2017	2200	10.1007/s10533-017-0361-6	TRUE
su	2017	2200	10.1007/s10677-017-9824-z	TRUE
su	2017	2200	10.1007/s11245-017-9491-7	TRUE
su	2017	2200	10.1007/s13164-017-0350-7	TRUE
su	2017	2200	10.1007/s00249-017-1231-9	TRUE
su	2017	2200	10.1007/s12136-017-0328-1	TRUE
su	2017	2200	10.1007/s00216-017-0509-1	TRUE
su	2017	2200	10.1007/s10344-017-1120-7	TRUE
su	2017	2200	10.1007/s10734-017-0172-7	TRUE
su	2017	2200	10.1007/s10021-017-0170-8	TRUE
su	2017	2200	10.1007/s11625-017-0457-x	TRUE
su	2017	2200	10.1007/s13280-017-0932-8	TRUE
su	2017	2200	10.1007/s13164-017-0357-0	TRUE
su	2017	2200	10.1007/s40806-017-0112-x	TRUE
su	2017	2200	10.1007/s00355-017-1076-2	TRUE
su	2017	2200	10.1007/s00038-017-1029-7	TRUE
su	2017	2200	10.1007/s10997-017-9387-3	TRUE
su	2017	2200	10.1007/s11558-017-9288-x	TRUE
su	2017	2200	10.1007/s10964-017-0747-8	TRUE
su	2017	2200	10.1007/s10612-017-9375-6	TRUE
su	2017	2200	10.1007/s13361-017-1796-7	TRUE
su	2017	2200	10.1007/s12549-017-0297-9	TRUE
su	2017	2200	10.1007/s41105-017-0122-x	TRUE
su	2017	2200	10.1007/s10584-017-2061-6	TRUE
su	2017	2200	10.1007/s00382-017-3917-1	TRUE
su	2017	2200	10.1007/s11422-017-9811-7	TRUE
su	2017	2200	10.1007/s10803-017-3360-5	TRUE
su	2017	2200	10.1007/s00018-017-2682-y	TRUE
su	2017	2200	10.1007/s00216-017-0610-5	TRUE
su	2017	2200	10.1007/s11245-017-9506-4	TRUE
su	2017	2200	10.1007/s40865-017-0068-3	TRUE
su	2017	2200	10.1007/s10803-017-3379-7	TRUE
su	2017	2200	10.1007/s11009-017-9605-0	TRUE
su	2017	2200	10.1007/s11009-017-9607-y	TRUE
su	2017	2200	10.1007/s11625-017-0511-8	TRUE
su	2017	2200	10.1007/s10641-017-0693-z	TRUE
su	2017	2200	10.1007/s11165-017-9674-7	TRUE
su	2017	2200	10.1007/s00125-017-4480-3	TRUE
su	2017	2200	10.1007/s00265-017-2408-z	TRUE
su	2017	2200	10.1007/s00420-017-1277-0	TRUE
su	2017	2200	10.1007/s13348-017-0209-3	TRUE
su	2017	2200	10.1007/s10588-017-9260-6	TRUE
su	2017	2200	10.1007/s10570-017-1633-y	TRUE
su	2017	2200	10.1007/s00128-017-2253-9	TRUE
su	2017	2200	10.1007/s10560-017-0526-0	TRUE
su	2017	2200	10.1007/s11158-017-9386-x	TRUE
su	2017	2200	10.1007/s00365-017-9408-0	TRUE
su	2017	2200	10.1007/s40598-017-0077-7	TRUE
su	2017	2200	10.1007/s12138-017-0454-6	TRUE
su	2017	2200	10.1140/epjb/e2017-80432-9	TRUE
umu	2017	2200	10.1007/s11325-016-1456-3	TRUE
umu	2017	2200	10.1007/s40259-016-0209-y	TRUE
umu	2017	2200	10.1007/s00294-016-0675-2	TRUE
umu	2017	2200	10.1007/s13524-016-0536-0	TRUE
umu	2017	2200	10.1007/s10763-016-9795-x	TRUE
umu	2017	2200	10.1007/s00184-017-0610-7	TRUE
umu	2017	2200	10.1007/s13218-016-0477-1	TRUE
umu	2017	2200	10.1007/s10856-017-5870-2	TRUE
umu	2017	2200	10.1007/s10067-017-3570-4	TRUE
umu	2017	2200	10.1007/s10021-017-0108-1	TRUE
umu	2017	2200	10.1007/s10029-017-1585-z	TRUE
umu	2017	2200	10.1007/s00216-017-0243-8	TRUE
umu	2017	2200	10.1007/s11306-017-1174-2	TRUE
umu	2017	2200	10.1007/s00167-017-4528-4	TRUE
umu	2017	2200	10.1007/s00228-017-2218-2	TRUE
umu	2017	2200	10.1007/s00429-017-1402-6	TRUE
umu	2017	2200	10.1007/s10533-017-0327-8	TRUE
umu	2017	2200	10.1007/s10639-017-9590-5	TRUE
umu	2017	2200	10.1007/s10661-017-5872-z	TRUE
umu	2017	2200	10.1007/s11159-017-9631-8	TRUE
umu	2017	2200	10.1007/s40257-017-0274-0	TRUE
umu	2017	2200	10.1007/s40571-017-0158-3	TRUE
umu	2017	2200	10.1007/s12053-017-9506-7	TRUE
umu	2017	2200	10.1007/s11306-017-1199-6	TRUE
umu	2017	2200	10.1007/s10212-017-0332-2	TRUE
umu	2017	2200	10.1007/s10530-017-1415-3	TRUE
umu	2017	2200	10.1007/s00420-017-1221-3	TRUE
umu	2017	2200	10.1007/s40072-017-0098-1	TRUE
umu	2017	2200	10.1007/s10585-017-9848-8	TRUE
umu	2017	2200	10.1007/s00340-017-6715-x	TRUE
umu	2017	2200	10.1007/s10021-017-0133-0	TRUE
umu	2017	2200	10.1007/s11306-017-1196-9	TRUE
umu	2017	2200	10.1007/s10096-017-2964-1	TRUE
umu	2017	2200	10.1007/s00228-017-2249-8	TRUE
umu	2017	2200	10.1007/s11192-017-2407-x	TRUE
umu	2017	2200	10.1007/s11096-017-0488-5	TRUE
umu	2017	2200	10.1007/s11120-017-0400-0	TRUE
umu	2017	2200	10.1007/s00020-017-2378-6	TRUE
umu	2017	2200	10.1007/s00484-017-1363-8	TRUE
umu	2017	2200	10.1007/s11858-017-0867-3	TRUE
umu	2017	2200	10.1007/s00420-017-1227-x	TRUE
umu	2017	2200	10.1007/s10029-017-1617-8	TRUE
umu	2017	2200	10.1007/s11294-017-9637-9	TRUE
umu	2017	2200	10.1007/s00216-017-0429-0	TRUE
umu	2017	2200	10.1007/s00464-017-5641-7	TRUE
umu	2017	2200	10.1007/s10661-017-6064-6	TRUE
umu	2017	2200	10.1007/s10933-017-9981-z	TRUE
umu	2017	2200	10.1007/s12198-017-0178-5	TRUE
umu	2017	2200	10.1007/s00334-017-0628-9	TRUE
umu	2017	2200	10.1007/s10750-017-3298-9	TRUE
umu	2017	2200	10.1007/s12147-017-9194-9	TRUE
umu	2017	2200	10.1007/s12186-017-9184-9	TRUE
umu	2017	2200	10.1007/s00442-017-3921-5	TRUE
umu	2017	2200	10.1007/s00340-017-6781-0	TRUE
umu	2017	2200	10.1007/s00590-017-2013-x	TRUE
umu	2017	2200	10.1007/s40675-017-0080-5	TRUE
umu	2017	2200	10.1007/s00300-017-2173-5	TRUE
umu	2017	2200	10.1007/s00709-017-1145-5	TRUE
umu	2017	2200	10.1007/s00436-017-5558-z	TRUE
umu	2017	2200	10.1007/s11266-017-9906-5	TRUE
umu	2017	2200	10.1007/s13770-017-0071-0	TRUE
umu	2017	2200	10.1007/s11120-017-0426-3	TRUE
umu	2017	2200	10.1007/s11306-017-1248-1	TRUE
umu	2017	2200	10.1007/s00415-017-8598-5	TRUE
umu	2017	2200	10.1007/s10639-017-9649-3	TRUE
umu	2017	2200	10.1007/s00705-017-3497-8	TRUE
umu	2017	2200	10.1007/s00394-017-1558-0	TRUE
umu	2017	2200	10.1007/s00380-017-1055-7	TRUE
umu	2017	2200	10.1007/s10115-017-1112-7	TRUE
umu	2017	2200	10.1007/s40572-017-0168-6	TRUE
umu	2017	2200	10.1007/s11842-017-9379-9	TRUE
umu	2017	2200	10.1007/s00020-017-2415-5	TRUE
umu	2017	2200	10.1007/s10611-017-9744-9	TRUE
umu	2017	2200	10.1007/s12220-017-9957-2	TRUE
umu	2017	2200	10.1007/s11356-017-0437-9	TRUE
umu	2017	2200	10.1007/s11356-017-0612-z	TRUE
umu	2017	2200	10.1007/s00158-017-1844-8	TRUE
umu	2017	2200	10.1007/s00267-017-0951-z	TRUE
umu	2017	2200	10.1007/s10067-017-3894-0	TRUE
umu	2017	2200	10.1007/s00192-017-3353-0	TRUE
umu	2017	2200	10.1007/s00228-017-2389-x	TRUE
umu	2017	2200	10.1007/s10029-017-1712-x	TRUE
umu	2017	2200	10.1007/s00228-017-2384-2	TRUE
umu	2017	2200	10.1007/s11846-017-0272-x	TRUE
umu	2017	2200	10.1007/s10530-017-1642-7	TRUE
umu	2017	2200	10.1007/s00192-017-3514-1	TRUE
umu	2017	2200	10.1007/s10018-017-0203-8	TRUE
umu	2017	2200	10.1007/s10433-017-0448-x	TRUE
uu	2017	2200	10.1007/s00024-017-1465-6	TRUE
uu	2017	2200	10.1007/s00228-017-2196-4	TRUE
uu	2017	2200	10.1007/s11053-016-9323-2	TRUE
uu	2017	2200	10.1007/s10856-017-5851-5	TRUE
uu	2017	2200	10.1007/s00702-016-1672-9	TRUE
uu	2017	2200	10.1007/s13311-016-0505-8	TRUE
uu	2017	2200	10.1007/s10892-017-9248-y	TRUE
uu	2017	2200	10.1007/s11165-016-9576-0	TRUE
uu	2017	2200	10.1007/s11575-017-0311-5	TRUE
uu	2017	2200	10.1007/s00405-017-4451-9	TRUE
uu	2017	2200	10.1007/s11422-016-9795-8	TRUE
uu	2017	2200	10.1007/s11095-017-2113-7	TRUE
uu	2017	2200	10.1007/s10854-017-6463-z	TRUE
uu	2017	2200	10.1007/s00134-017-4708-1	TRUE
uu	2017	2200	10.1007/s10928-017-9508-2	TRUE
uu	2017	2200	10.1007/s11517-017-1631-0	TRUE
uu	2017	2200	10.1007/s00726-017-2391-8	TRUE
uu	2017	2200	10.1208/s12248-017-0058-8	TRUE
uu	2017	2200	10.1007/s11695-017-2574-0	TRUE
uu	2017	2200	10.1007/s00233-017-9866-5	TRUE
uu	2017	2200	10.1007/s00259-017-3650-3	TRUE
uu	2017	2200	10.1007/s00405-017-4510-2	TRUE
uu	2017	2200	10.1007/s00432-017-2365-y	TRUE
uu	2017	2200	10.1007/s00701-017-3139-7	TRUE
uu	2017	2200	10.1007/s10067-017-3591-z	TRUE
uu	2017	2200	10.1007/s10231-017-0650-7	TRUE
uu	2017	2200	10.1007/s10237-017-0891-9	TRUE
uu	2017	2200	10.1007/s11422-016-9782-0	TRUE
uu	2017	2200	10.1007/s11886-017-0840-3	TRUE
uu	2017	2200	10.1007/s12553-017-0182-6	TRUE
uu	2017	2200	10.1007/s40262-017-0516-6	TRUE
uu	2017	2200	10.1007/s10928-017-9521-5	TRUE
uu	2017	2200	10.1007/s11238-017-9599-7	TRUE
uu	2017	2200	10.1007/s10853-017-1039-0	TRUE
uu	2017	2200	10.1007/s10040-017-1559-3	TRUE
uu	2017	2200	10.1007/s11695-017-2680-z	TRUE
uu	2017	2200	10.1007/s11191-017-9892-4	TRUE
uu	2017	2200	10.1007/s00265-017-2310-8	TRUE
uu	2017	2200	10.1007/s10955-017-1792-0	TRUE
uu	2017	2200	10.1007/s12152-017-9331-x	TRUE
uu	2017	2200	10.1007/s12686-017-0746-9	TRUE
uu	2017	2200	10.1007/s10570-017-1312-z	TRUE
uu	2017	2200	10.1007/s11009-017-9554-7	TRUE
uu	2017	2200	10.1007/s00220-017-2882-1	TRUE
uu	2017	2200	10.1007/s00439-017-1799-2	TRUE
uu	2017	2200	10.1007/s00330-017-4784-1	TRUE
uu	2017	2200	10.1007/s40863-017-0059-7	TRUE
uu	2017	2200	10.1007/s10531-017-1343-7	TRUE
uu	2017	2200	10.1007/s00592-017-0989-7	TRUE
uu	2017	2200	10.1007/s11252-017-0673-2	TRUE
uu	2017	2200	10.1007/s10943-017-0397-x	TRUE
uu	2017	2200	10.1007/s00294-017-0710-y	TRUE
uu	2017	2200	10.1007/s11165-016-9593-z	TRUE
uu	2017	2200	10.1007/s11191-017-9895-1	TRUE
uu	2017	2200	10.1007/s10549-017-4294-5	TRUE
uu	2017	2200	10.1007/s11306-017-1213-z	TRUE
uu	2017	2200	10.1007/s11095-017-2174-7	TRUE
uu	2017	2200	10.1007/s13593-017-0426-x	TRUE
uu	2017	2200	10.1007/s00591-017-0192-5	TRUE
uu	2017	2200	10.1007/s10957-017-1114-3	TRUE
uu	2017	2200	10.1007/s00148-017-0651-2	TRUE
uu	2017	2200	10.1007/s00280-017-3366-x	TRUE
uu	2017	2200	10.1007/s00420-017-1233-z	TRUE
uu	2017	2200	10.1007/s00439-017-1816-5	TRUE
uu	2017	2200	10.1007/s10601-017-9270-5	TRUE
uu	2017	2200	10.1007/s10654-017-0267-6	TRUE
uu	2017	2200	10.1007/s10955-017-1832-9	TRUE
uu	2017	2200	10.1007/s11095-017-2188-1	TRUE
uu	2017	2200	10.1007/s11229-017-1326-y	TRUE
uu	2017	2200	10.1140/epja/i2017-12324-4	TRUE
uu	2017	2200	10.1208/s12248-017-0109-1	TRUE
uu	2017	2200	10.1007/s10806-017-9664-9	TRUE
uu	2017	2200	10.1208/s12248-017-0108-2	TRUE
uu	2017	2200	10.1007/s12053-017-9537-0	TRUE
uu	2017	2200	10.1007/s00265-017-2337-x	TRUE
uu	2017	2200	10.1007/s11121-017-0821-1	TRUE
uu	2017	2200	10.1007/s10677-017-9821-2	TRUE
uu	2017	2200	10.1007/s13366-017-0348-4	TRUE
uu	2017	2200	10.1007/s10437-017-9264-0	TRUE
uu	2017	2200	10.1007/s00430-017-0517-y	TRUE
uu	2017	2200	10.1007/s10714-017-2291-y	TRUE
uu	2017	2200	10.1007/s00384-017-2853-1	TRUE
uu	2017	2200	10.1007/s12526-017-0775-3	TRUE
uu	2017	2200	10.1007/s11575-017-0325-z	TRUE
uu	2017	2200	10.1007/s11075-017-0404-z	TRUE
uu	2017	2200	10.1007/s40257-017-0313-x	TRUE
uu	2017	2200	10.1007/s00148-017-0664-x	TRUE
uu	2017	2200	10.1007/s00229-017-0960-5	TRUE
uu	2017	2200	10.1140/epja/i2017-12362-x	TRUE
uu	2017	2200	10.1007/s10928-017-9542-0	TRUE
uu	2017	2200	10.1007/s12035-017-0723-z	TRUE
uu	2017	2200	10.1007/s11229-017-1557-y	TRUE
uu	2017	2200	10.1007/s11005-017-0986-3	TRUE
uu	2017	2200	10.1007/s00281-017-0646-9	TRUE
uu	2017	2200	10.1007/s10803-017-3253-7	TRUE
uu	2017	2200	10.1007/s00701-017-3311-0	TRUE
uu	2017	2200	10.1007/s10919-017-0264-1	TRUE
uu	2017	2200	10.1007/s11109-017-9429-1	TRUE
uu	2017	2200	10.1007/s00590-017-2041-6	TRUE
uu	2017	2200	10.1007/s00592-017-1046-2	TRUE
uu	2017	2200	10.1007/s11120-017-0442-3	TRUE
uu	2017	2200	10.1007/s12687-017-0332-6	TRUE
uu	2017	2200	10.1007/s12603-017-0970-8	TRUE
uu	2017	2200	10.1007/s00204-017-2077-8	TRUE
uu	2017	2200	10.1007/s00592-017-1059-x	TRUE
uu	2017	2200	10.1007/s11664-017-5829-6	TRUE
uu	2017	2200	10.1007/s12028-017-0439-y	TRUE
uu	2017	2200	10.1007/s00384-017-2912-7	TRUE
uu	2017	2200	10.1007/s00441-017-2684-y	TRUE
uu	2017	2200	10.1007/s00701-017-3352-4	TRUE
uu	2017	2200	10.1007/s10919-017-0268-x	TRUE
uu	2017	2200	10.1007/s11005-017-1027-y	TRUE
uu	2017	2200	10.1007/s10915-017-0598-1	TRUE
uu	2017	2200	10.1007/s10840-017-0290-2	TRUE
uu	2017	2200	10.1007/s00220-017-3013-8	TRUE
uu	2017	2200	10.1007/s10862-017-9637-3	TRUE
uu	2017	2200	10.1007/s00330-017-5103-6	TRUE
uu	2017	2200	10.1007/s00406-017-0850-6	TRUE
uu	2017	2200	10.1007/s11192-017-2584-7	TRUE
uu	2017	2200	10.1007/s00268-017-4364-1	TRUE
uu	2017	2200	10.1007/s12145-017-0329-z	TRUE
uu	2017	2200	10.1007/s10928-017-9550-0	TRUE
uu	2017	2200	10.1007/s41063-017-0034-7	TRUE
uu	2017	2200	10.1007/s00220-017-3018-3	TRUE
uu	2017	2200	10.1007/s12369-017-0450-7	TRUE
uu	2017	2200	10.1007/s40262-017-0577-6	TRUE
uu	2017	2200	10.1007/s00787-017-1100-1	TRUE
uu	2017	2200	10.1007/s00426-017-0939-6	TRUE
uu	2017	2200	10.1007/s00787-017-1097-5	TRUE
uu	2017	2200	10.1007/s11075-017-0451-5	TRUE
uu	2017	2200	10.1007/s11102-017-0855-1	TRUE
uu	2017	2200	10.1007/s00023-017-0635-5	TRUE
uu	2017	2200	10.1007/s10712-017-9454-y	TRUE
uu	2017	2200	10.1007/s00787-017-1093-9	TRUE
uu	2017	2200	10.1007/s11229-017-1653-z	TRUE
uu	2017	2200	10.1007/s11165-017-9684-5	TRUE
uu	2017	2200	10.1208/s12248-017-0166-5	TRUE
uu	2017	2200	10.1007/s00701-017-3418-3	TRUE
uu	2017	2200	10.1007/s11325-017-1597-z	TRUE
uu	2017	2200	10.1007/s11098-017-1019-x	TRUE
uu	2017	2200	10.1007/s10444-017-9575-3	TRUE
uu	2017	2200	10.1007/s11695-017-3035-5	TRUE
uu	2017	2200	10.1140/epja/i2017-12442-y	TRUE
