doi,colour charge,cover charge,page charge,permission,reprint,submission fee,payment fee,other
10.1021/acs.jafc.4c12596,,15130.37,,,,,,
10.2337/db24-0921,,,49035.43,,,,,
10.1103/9f1h-fl4k,15422.86,,,,,,,
10.1136/jnnp-2024-335512,6201.55,,,,,,,
10.1016/j.ajhg.2024.12.015,9370.76,,12799.5,,,,,
10.1016/j.genhosppsych.2025.02.010,8440.88,,,,,,,
10.1016/j.smrv.2025.102069,3946.32,,,,,,,
10.1016/j.critrevonc.2025.104720,3938.22,,,,,,,
10.1016/j.ygyno.2025.04.592,14122.1,,,,,,,
10.1016/j.radonc.2025.111318,13146,,,,,,,
10.1109/mc.2025.3592470,,,,,,,,12203.52
10.1109/jsen.2025.3549184,,,6829.56,,,,,
10.1093/infdis/jiaf279,,,10472.79,,,,,
10.1093/sysbio/syaf020,,,6205.65,,,,,
10.1093/jnci/djaf012,26514.96,,,,,,,
10.1093/shm/hkaf051,18081.26,,,,,,,
10.1039/d4rp00227,,3230.27,,,,,,
10.1039/d5cc04394h,,5576.51,,,,,,
10.1039/d4cp00367e,,12868.75,,,,,,
10.1039/d5cp00073d,,12997.34,,,,,,
10.1038/s41380-025-03012-1,,,,,,,,60624.24
10.1080/02713683.2025.2490771,,,,,,,,70901.52
10.3171/2025.7.jns251301,,,,,,,,1227.26
10.1002/psp4.70124,,,,,,725,,
